14D,1414 DEGREES LTD,14D,AUD
1AD,ADALTA LTD,1AD,AUD
1AG,ALTERRA LTD,1AG,AUD
1AL,ONEALL INTERNATIONAL LTD,1AL,AUD
1ST,1ST GROUP LTD,1ST,AUD
2BE,TUBI PTY LTD,2BE,AUD
360,LIFE360 INC-CDI,360,AUD
3DP,POINTERRA LTD,3DP,AUD
3PL,3P LEARNING LTD,3PL,AUD
4CE,FORCE COMMODITIES LTD,4CE,AUD
4DS,4DS MEMORY LTD,4DS,AUD
5GN,5G NETWORKS LTD/AUSTRALIA,5GN,AUD
88E,88 ENERGY LTD,88E,AUD
8CO,8COMMON LTD,8CO,AUD
8EC,8IP EMERGING COS LTD,8EC,AUD
8IH,8I HOLDINGS LTD-CDI,8IH,AUD
8VI,8VIC HOLDINGS LTD,8VI,AUD
9SP,9 SPOKES INTERNATIONAL LTD,9SP,AUD
A1G,AFRICAN GOLD LTD,A1G,AUD
A1M,AIC MINES LTD,A1M,AUD
A200,BETASHARES AUSTRALIA 200 ETF,A200,AUD
A2B,A2B AUSTRALIA LTD,A2B,AUD
A2M,A2 MILK CO LTD,A2M,AUD
A3D,AURORA LABS LTD,A3D,AUD
A40,ALITA RESOURCES LTD,A40,AUD
A4N,ALPHA HPA LTD,A4N,AUD
AAA,BETASHARES AUS HIGH INTEREST,AAA,AUD
AAC,AUSTRALIAN AGRICULTURAL CO,AAC,AUD
AAJ,ARUMA RESOURCES LTD,AAJ,AUD
AAP,AUSTRALIAN AGRICULTURAL PROJ,AAP,AUD
AAR,ANGLO AUSTRALIAN RESOURCES,AAR,AUD
AAU,ADCORP AUSTRALIA LIMITED,AAU,AUD
AB1,ANIMOCA BRANDS CORPORATION LTD,AB1,AUD
ABA,AUSWIDE BANK LTD,ABA,AUD
ABC,ADELAIDE BRIGHTON LIMITED,ABC,AUD
ABL,ABILENE OIL AND GAS LTD,ABL,AUD
ABP,ABACUS PROPERTY GROUP,ABP,AUD
ABR,AMERICAN PACIFIC BORATES LTD,ABR,AUD
ABT,ABUNDANT PRODUCE LTD,ABT,AUD
ABV,ADVANCED BRAKING TECHNOLOGY,ABV,AUD
ABW,AURORA ABSOLUTE RETURN FUND,ABW,AUD
ABX,AUSTRALIAN BAUXITE LTD,ABX,AUD
AC8,AUSCANN GROUP HOLDINGS LTD,AC8,AUD
ACB,A-CAP ENERGY LTD,ACB,AUD
ACDC,ETFS BATTERY TECH AND LITHIM,ACDC,AUD
ACF,ACROW FORMWORK AND CONSTRUCT,ACF,AUD
ACP,AUDALIA RESOURCES LTD,ACP,AUD
ACQ,ACORN CAPITAL INVESTMENT FUN,ACQ,AUD
ACR,ACRUX LTD,ACR,AUD
ACS,ACCENT RESOURCES NL,ACS,AUD
ACW,ACTINOGEN MEDICAL LTD,ACW,AUD
AD1,APPLYDIRECT LTD,AD1,AUD
AD8,AUDINATE GROUP LTD,AD8,AUD
ADA,ADACEL TECHNOLOGIES LIMITED,ADA,AUD
ADD,ADAVALE RESOURCES LTD,ADD,AUD
ADH,ADAIRS LTD,ADH,AUD
ADI,APN INDUSTRIA REIT,ADI,AUD
ADJ,ADSLOT LTD,ADJ,AUD
ADN,ANDROMEDA METALS LTD,ADN,AUD
ADO,ANTEO DIAGNOSTICS LTD,ADO,AUD
ADR,ADHERIUM LTD,ADR,AUD
ADT,ADRIATIC METALS PLC-CDI,ADT,AUD
ADV,ARDIDEN LTD,ADV,AUD
ADX,ADX ENERGY LTD,ADX,AUD
ADY,ADMIRALTY RESOURCES NL,ADY,AUD
AEB,AFFINITY ENERGY AND HEALTH L,AEB,AUD
AEE,AURA ENERGY LTD,AEE,AUD
AEF,AUSTRALIAN ETHICAL INVT LTD,AEF,AUD
AEG,ABSOLUTE EQUITY PERFORMANCE,AEG,AUD
AEI,AERIS ENVIRONMENTAL LTD,AEI,AUD
AER,AEERIS LTD,AER,AUD
AEV,AVENIRA LTD,AEV,AUD
AFA,ASF GROUP LTD,AFA,AUD
AFG,AUSTRALIAN FINANCE GROUP LTD,AFG,AUD
AFI,AUSTRALIAN FOUNDATION INV CO,AFI,AUD
AFL,AF LEGAL GROUP,AFL,AUD
AFP,AFT PHARMACEUTICALS LTD,AFP,AUD
AFR,AFRICAN ENERGY RESOURCES-CDI,AFR,AUD
AFT,AFT CORP LTD,AFT,AUD
AGD,AUSTRAL GOLD LTD,AGD,AUD
AGE,ALLIGATOR ENERGY LTD,AGE,AUD
AGG,ANGLOGOLD ASHANTI LTD-CDI,AGG,AUD
AGH,ALTHEA GROUP HOLDINGS LTD,AGH,AUD
AGI,AINSWORTH GAME TECHNOLOGY LT,AGI,AUD
AGJ,AGRICULTURAL LAND TRUST,AGJ,AUD
AGL,AGL ENERGY LTD,AGL,AUD
AGLHA,AGL ENERGY SUBORDINATED NOTES,AGLHA,AUD
AGM,AUSTRALIAN GOVT AND ETIC IDX,AGM,AUD
AGR,AGUIA RESOURCES LTD,AGR,AUD
AGS,ALLIANCE RESOURCES LTD,AGS,AUD
AGVT,BETASHARES AUS GOV BOND ETF,AGVT,AUD
AGX1,ANTIPODES GLBL SHRS EQMF ETF,AGX1,AUD
AGY,ARGOSY MINERALS LTD,AGY,AUD
AHF,AUSTRALIAN DAIRY NUTRITIONAL,AHF,AUD
AHK,ARK MINES LTD,AHK,AUD
AHL,AHALIFE HOLDINGS LTD,AHL,AUD
AHN,ATHENA RESOURCES LTD,AHN,AUD
AHQ,ALLEGIANCE COAL LTD,AHQ,AUD
AHX,APIAM ANIMAL HEALTH LTD,AHX,AUD
AHY,ASALEO CARE LTD,AHY,AUD
AHZ,ADMEDUS LTD,AHZ,AUD
AIA,AUCKLAND INTL AIRPORT LTD,AIA,AUD
AIB,AURORA GLOBAL INCOME TRUST,AIB,AUD
AIQ,ALTERNATIVE INVESTMENT TRUST,AIQ,AUD
AIR,ASTIVITA LTD,AIR,AUD
AIS,AERIS RESOURCES LTD,AIS,AUD
AIV,ACTIVEX LIMITED,AIV,AUD
AIY,AUTHORISED INVESTMENT FUND L,AIY,AUD
AIZ,AIR NEW ZEALAND LTD,AIZ,AUD
AJC,ACACIA COAL LTD,AJC,AUD
AJJ,ASIAN AMERICAN MEDICAL GROUP,AJJ,AUD
AJL,AJ LUCAS GROUP LIMITED,AJL,AUD
AJM,ALTURA MINING LTD,AJM,AUD
AJQ,ARMOUR ENERGY LTD,AJQ,AUD
AJX,ALEXIUM INTERNATIONAL GROUP,AJX,AUD
AJY,ASAPLUS RESOURCES LTD-CDI,AJY,AUD
AKG,ACADEMIES AUSTRALASIA GROUP,AKG,AUD
AKM,ASPIRE MINING LTD,AKM,AUD
AKN,AUKING MINING LTD,AKN,AUD
AKP,AUDIO PIXELS HOLDINGS LTD,AKP,AUD
AL8,ALDERAN RESOURCES LTD,AL8,AUD
ALC,ALCIDION GROUP LTD,ALC,AUD
ALF,AUSTRALIAN LEADERS FUND LTD,ALF,AUD
ALG,ARDENT LEISURE GROUP LTD,ALG,AUD
ALI,ARGO GLOBAL LISTED INFRASTRU,ALI,AUD
ALK,ALKANE RESOURCES LTD,ALK,AUD
ALL,ARISTOCRAT LEISURE LTD,ALL,AUD
ALQ,ALS LTD,ALQ,AUD
ALT,ANALYTICA LIMITED,ALT,AUD
ALU,ALTIUM LIMITED,ALU,AUD
ALX,ATLAS ARTERIA,ALX,AUD
ALY,ALCHEMY RESOURCES LTD,ALY,AUD
AMA,AMA GROUP LTD,AMA,AUD
AMB,AMBITION GROUP LIMITED,AMB,AUD
AMC,AMCOR PLC-CDI,AMC,AUD
AMD,ARROW MINERALS LTD,AMD,AUD
AME,ALTO METALS LTD,AME,AUD
AMG,AUSMEX MINING GROUP LTD,AMG,AUD
AMH,AMCIL LIMITED,AMH,AUD
AMI,AURELIA METALS LTD,AMI,AUD
AML,AEON METALS LTD,AML,AUD
AMN,AGRIMIN LTD,AMN,AUD
AMO,AMBERTECH LIMITED,AMO,AUD
AMP,AMP LIMITED,AMP,AUD
AMPPA,AMP LTD,AMPPA,AUD
AMS,ATOMOS LTD,AMS,AUD
AMT,ALLEGRA ORTHOPAEDICS LTD,AMT,AUD
AN1,AUSTRALIAN NUTRITION &amp; SPORT,AN1,AUD
ANA,ANSILA ENERGY NL,ANA,AUD
ANG,AUSTIN ENGINEERING LTD,ANG,AUD
ANL,AMANI GOLD LTD,ANL,AUD
ANN,ANSELL LTD,ANN,AUD
ANO,ADVANCE NANOTEK LTD,ANO,AUD
ANP,ANTISENSE THERAPEUTICS LIMITED,ANP,AUD
ANQ,ANAECO LTD,ANQ,AUD
ANR,ANATARA LIFESCIENCES LTD,ANR,AUD
ANS,AUSTSINO RESOURCES GROUP LTD,ANS,AUD
ANW,AUS TIN MINING LTD,ANW,AUD
ANZ,AUST AND NZ BANKING GROUP,ANZ,AUD
ANZPD,AUST &amp; NZ BANKING GROUP,ANZPD,AUD
ANZPE,AUST &amp; NZ BANKING GROUP,ANZPE,AUD
ANZPF,AUST &amp; NZ BANKING GROUP,ANZPF,AUD
ANZPG,AUST &amp; NZ BANKING GROUP CAPITAL NOTES 2016,ANZPG,AUD
ANZPH,AUST &amp; NZ BANKING GROUP,ANZPH,AUD
AO1,ASSETOWL LTD,AO1,AUD
AOA,AUSMON RESOURCES LTD,AOA,AUD
AOF,AUSTRALIAN UNITY OFFICE FUND,AOF,AUD
AOG,AVEO GROUP,AOG,AUD
AON,APOLLO MINERALS LTD,AON,AUD
AOP,APOLLO CONSOLIDATED LTD,AOP,AUD
AOU,AUROCH MINERALS LTD,AOU,AUD
AOW,AMERICAN PATRIOT OIL &amp; GAS L,AOW,AUD
APA,APA GROUP,APA,AUD
APC,AUSTRALIAN POTASH LTD,APC,AUD
APD,APN PROPERTY GROUP LTD,APD,AUD
APE,AP EAGERS LIMITED,APE,AUD
APG,AUSTPAC RESOURCES NL,APG,AUD
APH,AUSTRALIAN PRIMARY HEMP LTD,APH,AUD
API,AUSTRALIAN PHARMA INDUS LTD,API,AUD
APL,ANTIPODES GLOBAL INVESTMENT,APL,AUD
APT,AFTERPAY TOUCH GROUP LTD,APT,AUD
APV,APPSVILLAGE AUSTRALIA LTD,APV,AUD
APW,AIMS PROPERTY SECURITIES FUN,APW,AUD
APX,APPEN LTD,APX,AUD
APZ,ASPEN GROUP,APZ,AUD
AQC,AUSTRALIAN PACIFIC COAL LTD,AQC,AUD
AQD,AUSQUEST LTD,AQD,AUD
AQG,ALACER GOLD CORP-CDI,AQG,AUD
AQI,ALICANTO MINERALS LTD,AQI,AUD
AQR,APN CONVENIENCE RETAIL REIT,AQR,AUD
AQS,AQUIS ENTERTAINMENT LTD,AQS,AUD
AQX,ALICE QUEEN LTD,AQX,AUD
AQZ,ALLIANCE AVIATION SERVICES L,AQZ,AUD
AR9,ARCHTIS LTD,AR9,AUD
ARA,ARIADNE AUSTRALIA LIMITED,ARA,AUD
ARB,ARB CORP LTD,ARB,AUD
ARC,AUSTRALIAN RURAL CAPITAL LTD,ARC,AUD
ARD,ARGENT MINERALS LTD,ARD,AUD
ARE,ARGONAUT RESOURCES NL,ARE,AUD
ARF,ARENA REIT,ARF,AUD
ARG,ARGO INVESTMENTS LIMITED,ARG,AUD
ARL,ARDEA RESOURCES LTD,ARL,AUD
ARM,AURORA MINERALS LTD,ARM,AUD
ARN,ALDORO RESOURCES LTD,ARN,AUD
ARO,ASTRO RESOURCES NL,ARO,AUD
ARQ,ARQ GROUP LTD,ARQ,AUD
ARS,ALT RESOURCES LTD,ARS,AUD
ARU,ARAFURA RESOURCES LTD,ARU,AUD
ARV,ARTEMIS RESOURCES LTD,ARV,AUD
AS1,ANGEL SEAFOOD HOLDINGS LTD,AS1,AUD
ASB,AUSTAL LIMITED,ASB,AUD
ASG,AUTOSPORTS GROUP LTD,ASG,AUD
ASH,ASHLEY SERVICES GROUP LTD,ASH,AUD
ASIA,BETASHARES ASIA TECH TIGERS,ASIA,AUD
ASN,ANSON RESOURCES LTD,ASN,AUD
ASP,ASPERMONT LIMITED.,ASP,AUD
AST,AUSNET SERVICES,AST,AUD
ASW,ADVANCED SHARE REGISTRY LTD,ASW,AUD
ASX,ASX LTD,ASX,AUD
ATA,ATC ALLOYS LTD,ATA,AUD
ATC,ALTECH CHEMICAL LTD,ATC,AUD
ATH,ALTERITY THERAPEUTICS LTD,ATH,AUD
ATL,APOLLO TOURISM &amp; LEISURE LTD,ATL,AUD
ATM,ANEKA TAMBANG TBK-CDI,ATM,AUD
ATP,ATLAS PEARLS LTD,ATP,AUD
ATR,ASTRON CORP LTD-CDI,ATR,AUD
ATS,AUSTRALIS OIL &amp; GAS LTD,ATS,AUD
ATU,ATRUM COAL LTD,ATU,AUD
ATX,AMPLIA THERAPEUTICS LTD,ATX,AUD
AU1,AGENCY GROUP AUSTRALIA LTD,AU1,AUD
AU8,AUMAKE INTERNATIONAL LTD,AU8,AUD
AUB,AUB GROUP LTD,AUB,AUD
AUC,AUSGOLD LTD,AUC,AUD
AUDS,BETASHARES STRONG AUD FUND,AUDS,AUD
AUH,AUSTCHINA HOLDINGS LTD,AUH,AUD
AUI,AUSTRALIAN UNITED INVESTMENT,AUI,AUD
AUL,AUSTAR GOLD LTD,AUL,AUD
AUMF,ISHARES EDGE MSCI AUS MFACTR,AUMF,AUD
AUP,AURORA PROPERTY BUY WRITE,AUP,AUD
AUQ,ALARA RESOURCES LTD,AUQ,AUD
AUR,AURIS MINERALS LTD,AUR,AUD
AUST,BETASHARES MANAGED RISK AUST,AUST,AUD
AUT,AUTECO MINERALS LTD,AUT,AUD
AUZ,AUSTRALIAN MINES LTD,AUZ,AUD
AV1,ADVERITAS LTD,AV1,AUD
AVA,AVA RISK GROUP LTD,AVA,AUD
AVC,AUCTUS ALTERNATIVE INVESTMEN,AVC,AUD
AVE,AVECHO BIOTECHNOLOGY LTD,AVE,AUD
AVG,AUSTRALIAN VINTAGE LTD,AVG,AUD
AVH,AVITA MEDICAL LTD,AVH,AUD
AVJ,AVJENNINGS LTD,AVJ,AUD
AVL,AUSTRALIAN VANADIUM LTD,AVL,AUD
AVN,AVENTUS GROUP,AVN,AUD
AVQ,AXIOM MINING LTD,AVQ,AUD
AVQNC,AXIOM MINING LTD-NEW SHRS,AVQNC,AUD
AVW,AVIRA RESOURCES LTD,AVW,AUD
AVZ,AVZ MINERALS LTD,AVZ,AUD
AWC,ALUMINA LTD,AWC,AUD
AWN,AROWANA INTERNATIONAL LTD,AWN,AUD
AWV,ANOVA METALS LTD,AWV,AUD
AWY,AUSTRALIAN WHISKY HOLDINGS L,AWY,AUD
AX1,ACCENT GROUP LTD,AX1,AUD
AX8,ACCELERATE RESOURCES LTD,AX8,AUD
AXE,ARCHER MATERIALS LTD,AXE,AUD
AXI,AXIOM PROPERTIES LIMITED,AXI,AUD
AXL,ACN 603323182 LTD,AXL,AUD
AXT,ARGO EXPLORATION LTD,AXT,AUD
AYF,AUSTRALIAN ENHANCED INCOME,AYF,AUD
AYI,A1 INVESTMENTS &amp; RESOURCES L,AYI,AUD
AYK,AUSTRALIAN MASTERS YLD FD 4,AYK,AUD
AYM,AUSTRALIA UNITED MINING LTD,AYM,AUD
AYR,ALLOY RESOURCES LTD,AYR,AUD
AYS,AMAYSIM AUSTRALIA LTD,AYS,AUD
AYUHB,AUSTRALIAN UNITY LTD - SIMPLE BOND 15-12-20,AYUHB,AUD
AYZ,AUSTRALIAN MASTERS YLD FD 5,AYZ,AUD
AZI,ALTA ZINC LTD,AZI,AUD
AZJ,AURIZON HOLDINGS LTD,AZJ,AUD
AZM,AZUMAH RESOURCES LTD,AZM,AUD
AZS,AZURE MINERALS LTD,AZS,AUD
AZT,AZURE HEALTH TECHNOLOGY LTD,AZT,AUD
AZV,AZURE HEALTHCARE LTD,AZV,AUD
AZY,ANTIPA MINERALS LTD,AZY,AUD
B2Y,BOUNTY MINING LTD,B2Y,AUD
BAF,BLUE SKY ALTERNATIVES ACCESS,BAF,AUD
BAL,BELLAMY'S AUSTRALIA LTD,BAL,AUD
BAP,BAPCOR LTD,BAP,AUD
BAR,BARRA RESOURCES LIMITED,BAR,AUD
BAS,BASS OIL LTD,BAS,AUD
BAT,BATTERY MINERALS LTD,BAT,AUD
BAU,BAUXITE RESOURCES LTD,BAU,AUD
BBC,BNK BANKING CORP LTD,BBC,AUD
BBL,BRISBANE BRONCOS LTD,BBL,AUD
BBN,BABY BUNTING GROUP LTD,BBN,AUD
BBOZ,BETASHARES AUS EQ STR BR HDG,BBOZ,AUD
BBR,BORA BORA RESOURCES LTD,BBR,AUD
BBUS,BETASHARES US EQ STR BEAR-CH,BBUS,AUD
BBX,BBX MINERALS LTD,BBX,AUD
BC8,BLACK CAT SYNDICATE LTD,BC8,AUD
BCB,BOWEN COKING COAL LTD,BCB,AUD
BCBNA,BOWEN COKING COAL-EX OPTION,BCBNA,AUD
BCC,BEAM COMMUNICATIONS HOLDINGS,BCC,AUD
BCI,BCI MINERALS LTD,BCI,AUD
BCK,BROCKMAN MINING LTD,BCK,AUD
BCL,BUNJI CORP LTD,BCL,AUD
BCN,BEACON MINERALS LTD,BCN,AUD
BCT,BLUECHIIP LTD,BCT,AUD
BD1,BARD1 LIFE SCIENCES LTD,BD1,AUD
BDA,BOD AUSTRALIA LTD,BDA,AUD
BDC,BARDOC GOLD LTD,BDC,AUD
BDG,BLACK DRAGON GOLD CORP-CDI,BDG,AUD
BDI,BLINA MINERALS NL,BDI,AUD
BEAR,BETASHARES AUS EQ BEAR HF,BEAR,AUD
BEE,BROO LTD,BEE,AUD
BEL,BENTLEY CAPITAL LTD,BEL,AUD
BEM,BLACKEARTH MINERALS NL,BEM,AUD
BEN,BENDIGO AND ADELAIDE BANK,BEN,AUD
BENHB,PRIE STREET HOLDINGS - NOTE,BENHB,AUD
BENPD,BENDIGO AND ADELAIDE BK,BENPD,AUD
BENPE,BENDIGO AND ADELAIDE BK,BENPE,AUD
BENPF,BENDIGO AND ADELAIDE BK,BENPF,AUD
BENPG,BENDIGO AND ADELAIDE BK,BENPG,AUD
BET,BETMAKERS TECHNOLOGY GROUP L,BET,AUD
BFC,BESTON GLOBAL FOOD CO LTD,BFC,AUD
BFG,BELL FINANCIAL GROUP LTD,BFG,AUD
BGA,BEGA CHEESE LTD,BGA,AUD
BGL,BELLEVUE GOLD LTD,BGL,AUD
BGP,BRISCOE GROUP LTD,BGP,AUD
BGT,BIO-GENE TECHNOLOGY LTD,BGT,AUD
BHD,BENJAMIN HORNIGOLD LTD,BHD,AUD
BHL,BOYUAN HOLDINGS LTD,BHL,AUD
BHP,BHP GROUP LTD,BHP,AUD
BID,BIDENERGY LTD,BID,AUD
BILL,ISHARES CORE CASH ETF,BILL,AUD
BIN,BINGO INDUSTRIES LTD,BIN,AUD
BIQ,BUILDINGIQ INC-CDI,BIQ,AUD
BIR,BIR FINANCIAL LTD,BIR,AUD
BIS,BISALLOY STEEL GROUP LTD,BIS,AUD
BIT,BIOTRON LIMITED,BIT,AUD
BKI,BKI INVESTMENT CO LTD,BKI,AUD
BKL,BLACKMORES LIMITED,BKL,AUD
BKM,BKM MANAGEMENT LTD,BKM,AUD
BKT,BLACK ROCK MINING LTD,BKT,AUD
BKW,BRICKWORKS LIMITED,BKW,AUD
BKY,BERKELEY ENERGIA LTD,BKY,AUD
BLA,BLUE SKY ALTERNATIVE INVESTM,BLA,AUD
BLD,BORAL LIMITED,BLD,AUD
BLG,BLUGLASS LTD,BLG,AUD
BLK,BLACKHAM RESOURCES LTD,BLK,AUD
BLT,BENITEC BIOPHARMA LTD,BLT,AUD
BLU,BLUE ENERGY LTD,BLU,AUD
BLX,BEACON LIGHTING GROUP LTD,BLX,AUD
BLY,BOART LONGYEAR LTD,BLYDA,AUD
BLZ,BLAZE INTERNATIONAL LIMITED,BLZ,AUD
BMG,BMG RESOURCES LTD,BMG,AUD
BMH,BAUMART HOLDINGS LTD,BMH,AUD
BMN,BANNERMAN RESOURCES LTD,BMN,AUD
BMP,BUYMYPLACE.COM.AU LTD,BMP,AUD
BNDS,BETAS LEGG MASON AUS BOND FD,BNDS,AUD
BNKS,BETASHARES GLB BANKS-CURR HG,BNKS,AUD
BNL,BIG STAR ENERGY LTD,BNL,AUD
BNO,BIONOMICS LIMITED,BNO,AUD
BNR,BULLETIN RESOURCES LTD,BNR,AUD
BOA,BOADICEA RESOURCES LTD,BOA,AUD
BOC,BOUGAINVILLE COPPER LIMITED,BOC,AUD
BOE,BOSS RESOURCES LTD,BOE,AUD
BOL,BOOM LOGISTICS LTD,BOL,AUD
BOND,SPDR S&amp;P/ASX AUSTRALIAN BOND,BOND,AUD
BOQ,BANK OF QUEENSLAND LIMITED.,BOQ,AUD
BOQPD,BANK OF QUEENSLAND CONVERTIBLE PREFERENCE SHARE,BOQPD,AUD
BOQPE,BANK OF QUEENSLAND FLOAT PERP PFD,BOQPE,AUD
BOT,BOTANIX PHARMACEUTICALS LTD,BOT,AUD
BPG,BYTE POWER GROUP LTD,BPG,AUD
BPH,BPH ENERGY LTD,BPH,AUD
BPL,BROKEN HILL PROSPECTING LTD,BPL,AUD
BPP,BABYLON PUMP &amp; POWER LTD,BPP,AUD
BPT,BEACH ENERGY LTD,BPT,AUD
BRB,BREAKER RESOURCES NL,BRB,AUD
BRG,BREVILLE GROUP LTD,BRG,AUD
BRI,BIG RIVER INDUSTRIES LTD,BRI,AUD
BRK,BROOKSIDE ENERGY LTD,BRK,AUD
BRL,BATHURST RESOURCES LTD,BRL,AUD
BRN,BRAINCHIP HOLDINGS LTD,BRN,AUD
BRU,BURU ENERGY LTD,BRU,AUD
BRV,BIG RIVER GOLD LTD,BRV,AUD
BSA,BSA LTD,BSA,AUD
BSE,BASE RESOURCES LTD,BSE,AUD
BSL,BLUESCOPE STEEL LTD,BSL,AUD
BSM,BASS METALS LTD,BSM,AUD
BSN,BISAN LIMITED,BSN,AUD
BSP,BLACK STAR PETROLEUM LTD,BSP,AUD
BSR,BASSARI RESOURCES LTD,BSR,AUD
BST,BARRACK ST INVESTMENTS LTD,BST,AUD
BSX,BLACKSTONE MINERALS LTD,BSX,AUD
BTC,BTC HEALTH LTD,BTC,AUD
BTH,BIGTINCAN HOLDINGS LTD,BTH,AUD
BTI,BAILADOR TECHNOLOGY INVESTME,BTI,AUD
BTK,BOTAI TECHNOLOGY LTD,BTK,AUD
BUB,BUBS AUSTRALIA LTD,BUB,AUD
BUD,BUDDY TECHNOLOGIES LTD,BUD,AUD
BUG,BUDERIM GROUP LTD,BUG,AUD
BUX,BUXTON RESOURCES LTD,BUX,AUD
BUY,BOUNTY OIL &amp; GAS NL,BUY,AUD
BVS,BRAVURA SOLUTIONS LTD,BVS,AUD
BWF,BLACKWALL LTD,BWF,AUD
BWP,BWP TRUST,BWP,AUD
BWR,BLACKWALL PROPERTY TRUST,BWR,AUD
BWX,BWX LTD,BWX,AUD
BXB,BRAMBLES LTD,BXB,AUD
BXN,BIOXYNE LTD,BXN,AUD
BYE,BYRON ENERGY LTD,BYE,AUD
BYH,BRYAH RESOURCES LTD,BYH,AUD
BYI,BEYOND INTERNATIONAL LIMITED,BYI,AUD
C6C,COPPER MOUNTAIN MINING-CDI,C6C,AUD
CA8,COASSETS LTD,CA8,AUD
CAA,CAPRAL LTD,CAA,AUD
CAD,CAENEUS MINERALS LTD,CAD,AUD
CAE,CANNINDAH RESOURCES LTD,CAE,AUD
CAF,CENTREPOINT ALLIANCE LTD,CAF,AUD
CAG,CAPE RANGE LTD,CAG,AUD
CAI,CALIDUS RESOURCES LTD,CAI,AUD
CAJ,CAPITOL HEALTH LIMITED,CAJ,AUD
CAM,CLIME CAPITAL LTD,CAM,AUD
CAMPA,CLIME CAPITAL LTD,CAMPA,AUD
CAN,CANN GROUP LTD,CAN,AUD
CAP,CARPENTARIA RESOURCES LTD,CAP,AUD
CAQ,CAQ HOLDINGS LTD,CAQ,AUD
CAR,CARSALES.COM LTD,CAR,AUD
CAT,CATAPULT GROUP INTERNATIONAL,CAT,AUD
CAU,CRONOS AUSTRALIA LTD,CAU,AUD
CAV,CARNAVALE RESOURCES LTD,CAV,AUD
CAY,CANYON RESOURCES LTD,CAY,AUD
CAZ,CAZALY RESOURCES LTD,CAZ,AUD
CBA,COMMONWEALTH BANK OF AUSTRAL,CBA,AUD
CBAPC,COMMONWEALTH BANK AUST,CBAPC,AUD
CBAPD,COMMONWEALTH BANK AUST,CBAPD,AUD
CBAPE,COMMONWEALTH BANK AUST,CBAPE,AUD
CBAPF,CB AUSTRALIA/NEW ZEALAND,CBAPF,AUD
CBAPG,CWTH BK AUSTRALIA,CBAPG,AUD
CBAPH,COMMONWEALTH BANK AUST,CBAPH,AUD
CBY,CANTERBURY RESOURCES LTD,CBY,AUD
CCA,CHANGE FINANCIAL LTD,CCA,AUD
CCE,CARNEGIE CLEAN ENERGY LTD,CCE,AUD
CCG,COMMSCHOICE GROUP LTD,CCG,AUD
CCJ,COUNTY INTERNATIONAL LTD,CCJ,AUD
CCL,COCA-COLA AMATIL LIMITED,CCL,AUD
CCP,CREDIT CORP GROUP LIMITED,CCP,AUD
CCV,CASH CONVERTERS INTERNATIONAL LIMITED,CCV,AUD
CCX,CITY CHIC COLLECTIVE LTD,CCX,AUD
CCZ,CASTILLO COPPER LTD,CCZ,AUD
CD1,CORDISH DIXON PRIVATE EQUITY,CD1,AUD
CD2,CORDISH DIXON PRIVATE EQUITY,CD2,AUD
CD3,CORDISH DIXON PRIVATE EQUITY,CD3,AUD
CDA,CODAN LTD,CDA,AUD
CDD,CARDNO LTD,CDD,AUD
CDH,CHONGHERR INVESTMENTS LTD,CDH,AUD
CDM,CADENCE CAPITAL LTD,CDM,AUD
CDP,CARINDALE PROPERTY TRUST,CDP,AUD
CDT,CASTLE MINERALS LIMITED,CDT,AUD
CDU,CUDECO LTD,CDU,AUD
CDV,CARDINAL RESOURCES LTD,CDV,AUD
CDX,CARDIEX LTD,CDX,AUD
CDY,CELLMID LTD,CDY,AUD
CE1,CALIMA ENERGY LTD,CE1,AUD
CEL,CHALLENGER EXPLORATION LTD,CEL,AUD
CEN,CONTACT ENERGY LTD,CEN,AUD
CETF,VANECK VECTORS CHINAAMC A-SH,CETF,AUD
CFE,CAPE LAMBERT RESOURCES LTD,CFE,AUD
CFO,CFOAM LTD,CFO,AUD
CG1,CARBONXT GROUP LTD,CG1,AUD
CGA,CONTANGO ASSET MANAGEMENT LT,CGA,AUD
CGB,CANN GLOBAL LTD,CGB,AUD
CGC,COSTA GROUP HOLDINGS LTD,CGC,AUD
CGCR,COSTA GROUP HOLDINGS-RIGHTS,CGCR,AUD
CGF,CHALLENGER LTD,CGF,AUD
CGFPA,CHALLENGER LTD,CGFPA,AUD
CGFPB,CHALLENGER,CGFPB,AUD
CGL,CITADEL GROUP LTD/THE,CGL,AUD
CGM,COUGAR METALS NL,CGM,AUD
CGN,CRATER GOLD MINING LTD,CGN,AUD
CGO,CPT GLOBAL LIMITED,CGO,AUD
CGR,CML GROUP LTD,CGR,AUD
CGS,COGSTATE LTD,CGS,AUD
CHC,CHARTER HALL GROUP,CHC,AUD
CHK,COHIBA MINERALS LTD,CHK,AUD
CHN,CHALICE GOLD MINES LTD,CHN,AUD
CHZ,CHESSER RESOURCES LTD,CHZ,AUD
CI1,CREDIT INTELLIGENCE LTD,CI1,AUD
CIA,CHAMPION IRON LTD,CIA,AUD
CIE,CONTANGO INCOME GENERATOR LT,CIE,AUD
CII,CI RESOURCES LIMITED,CII,AUD
CIM,CIMIC GROUP LTD,CIM,AUD
CIN,CARLTON INVESTMENTS LIMITED,CIN,AUD
CIO,CONNECTED IO LTD,CIO,AUD
CIP,CENTURIA INDUSTRIAL REIT,CIP,AUD
CIW,CLIME INVESTMENT MANAGEMENT,CIW,AUD
CIZ,CORIZON LTD,CIZ,AUD
CKA,COKAL LTD,CKA,AUD
CKF,COLLINS FOODS LTD,CKF,AUD
CL1,CLASS LTD,CL1,AUD
CL8,COLLABORATE CORPORATION LTD,CL8,AUD
CLA,CELSIUS RESOURCES LTD,CLA,AUD
CLB,CANDY CLUB HOLDINGS LTD,CLB,AUD
CLF,CONCENTRATED LEADERS FUND LT,CLF,AUD
CLH,COLLECTION HOUSE LIMITED,CLH,AUD
CLI,CROPLOGIC LTD,CLI,AUD
CLQ,CLEAN TEQ HOLDINGS LTD,CLQ,AUD
CLT,CELLNET GROUP LTD,CLT,AUD
CLV,CLOVER CORPORATION LIMITED,CLV,AUD
CLW,CHARTER HALL LONG WALE REIT,CLW,AUD
CLWAM,CHARTER HALL LO,CLWAM,AUD
CLX,CTI LOGISTICS LTD,CLX,AUD
CLZ,CLASSIC MINERALS LTD,CLZ,AUD
CM1,COOLGARDIE MINERALS LTD,CM1,AUD
CM8,CROWD MEDIA HOLDINGS LTD,CM8,AUD
CMA,CENTURIA METROPOLITAN REIT,CMA,AUD
CMC,CHINA MAGNESIUM CORP LTD,CMC,AUD
CMD,CASSIUS MINING LTD,CMD,AUD
CML,CHASE MINING CORPORATION LTD,CML,AUD
CMM,CAPRICORN METALS LTD,CMM,AUD
CMP,COMPUMEDICS LIMITED,CMP,AUD
CMW,CROMWELL PROPERTY GROUP,CMW,AUD
CNB,CARNABY RESOURCES LTD,CNB,AUD
CNEW,VANECK VECTORS CH NEW ECON,CNEW,AUD
CNI,CENTURIA CAPITAL GROUP,CNI,AUD
CNJ,CONICO LTD,CNJ,AUD
CNL,CELAMIN HOLDINGS LTD,CNL,AUD
CNU,CHORUS LIMITED,CNU,AUD
CNW,CIRRUS NETWORKS HOLDINGS LTD,CNW,AUD
COB,COBALT BLUE HOLDINGS LTD,COB,AUD
COE,COOPER ENERGY LTD,COE,AUD
COG,CONSOLIDATED OPERATIONS GROU,COG,AUD
COH,COCHLEAR LIMITED,COH,AUD
COI,COMET RIDGE LTD,COI,AUD
COL,COLES GROUP LTD,COL,AUD
COO,CORUM GROUP LTD,COO,AUD
CORE,ETFS GLOBAL CORE INFRA ETF,CORE,AUD
COY,COPPERMOLY LTD,COY,AUD
CP1,CANNPAL ANIMAL THERAPEUTICS,CP1,AUD
CPH,CRESO PHARMA LTD,CPH,AUD
CPU,COMPUTERSHARE LIMITED,CPU,AUD
CPV,CLEARVUE TECHNOLOGIES LTD,CPV,AUD
CQE,CHARTER HALL SOCIAL INFRASTR,CQE,AUD
CQR,CHARTER HALL RETAIL REIT,CQR,AUD
CR1,CONSTELLATION RESOURCES LTD,CR1,AUD
CRB,CARBINE RESOURCES LTD,CRB,AUD
CRED,BETASHARES AU IN GRD CO BOND,CRED,AUD
CRL,COMET RESOURCES LIMITED,CRL,AUD
CRM,CARBON MINERALS LTD,CRM,AUD
CRN,CORONADO GLOBAL RESOURCE-CDI,CRN,AUD
CRO,CIRRALTO LTD,CRO,AUD
CRS,CAPRICE RESOURCES LTD/AUSTRA,CRS,AUD
CSD,CONSOLIDATED TIN MINES LTD,CSD,AUD
CSE,COPPER STRIKE LTD,CSE,AUD
CSK,CROWDSPARK LTD,CSK,AUD
CSL,CSL LIMITED,CSL,AUD
CSR,CSR LIMITED,CSR,AUD
CSS,CLEAN SEAS SEAFOOD LTD,CSS,AUD
CSV,CSG LTD,CSV,AUD
CT1,CCP TECHNOLOGIES LTD,CT1,AUD
CT1NB,CCP TECHNOLOGIES-NEW SHARES,CT1NB,AUD
CTD,CORPORATE TRAVEL MANAGEMENT,CTD,AUD
CTE,CRYOSITE LTD,CTE,AUD
CTM,CENTAURUS METALS LTD,CTM,AUD
CTO,CITIGOLD CORP LTD,CTO,AUD
CTP,CENTRAL PETROLEUM LTD,CTP,AUD
CTX,CALTEX AUSTRALIA LIMITED,CTX,AUD
CUE,CUE ENERGY RESOURCES LIMITED,CUE,AUD
CUL,CULLEN RESOURCES LIMITED,CUL,AUD
CUP,COUNTPLUS LTD,CUP,AUD
CURE,ETFS S&amp;P BIOTECH ETF,CURE,AUD
CUV,CLINUVEL PHARMACEUTICALS LTD,CUV,AUD
CUX,CROSSLAND STRATEGIC METALS L,CUX,AUD
CV1,CV CHECK LTD,CV1,AUD
CVC,CVC LTD,CVC,AUD
CVF,CONTRARIAN VALUE FUND LTD,CVF,AUD
CVL,CIVMEC LTD/CDI,CVL,AUD
CVN,CARNARVON PETROLEUM LTD,CVN,AUD
CVS,CERVANTES CORPORATION LTD,CVS,AUD
CVT,COVATA LTD,CVT,AUD
CVV,CARAVEL MINERALS LTD,CVV,AUD
CVW,CLEARVIEW WEALTH LTD,CVW,AUD
CWL,CHANT WEST HOLDINGS LTD,CWL,AUD
CWN,CROWN RESORTS LTD,CWN,AUD
CWNHB,CROWN RESORTS LTD - HYBRID,CWNHB,AUD
CWP,CEDAR WOODS PROPERTIES LIMITED,CWP,AUD
CWX,CARAWINE RESOURCES LTD,CWX,AUD
CWY,CLEANAWAY WASTE MANAGEMENT L,CWY,AUD
CWZ,CASHWERKZ LTD,CWZ,AUD
CXL,CALIX LTD,CXL,AUD
CXM,CENTREX METALS LIMITED,CXM,AUD
CXO,CORE LITHIUM LTD,CXO,AUD
CXU,CAULDRON ENERGY LTD,CXU,AUD
CXX,CRADLE RESOURCES LTD,CXX,AUD
CXZ,CONNEXION TELEMATICS LTD,CXZ,AUD
CY5,CYGNUS GOLD LTD,CY5,AUD
CYB,VIRGIN MONEY UK PLC - CDI,CYB,AUD
CYC,CYCLOPHARM LTD,CYC,AUD
CYG,COVENTRY GROUP LIMITED,CYG,AUD
CYL,CATALYST METALS LTD,CYL,AUD
CYM,CYPRIUM METALS LTD,CYM,AUD
CYP,CYNATA THERAPEUTICS LTD,CYP,AUD
CYQ,CYCLIQ GROUP LTD,CYQ,AUD
CZI,CASSINI RESOURCES LTD,CZI,AUD
CZL,CONSOLIDATED ZINC LTD,CZL,AUD
CZN,CORAZON MINING LTD,CZN,AUD
CZR,COZIRON RESOURCES LTD,CZR,AUD
D13,DEPARTMENT 13 INTERNATIONAL,D13,AUD
D2O,DUXTON WATER LTD,D2O,AUD
DAF,DISCOVERY AFRICA LTD,DAF,AUD
DAU,DAMPIER GOLD LTD,DAU,AUD
DAV,DAVENPORT RESOURCES LTD,DAV,AUD
DBF,DUXTON BROADACRE FARMS LTD,DBF,AUD
DCC,DIGITAL X LTD,DCC,AUD
DCG,DECMIL GROUP LTD,DCG,AUD
DCL,DOMACOM LTD,DCL,AUD
DCN,DACIAN GOLD LTD,DCN,AUD
DDD,3D RESOURCES LTD,DDD,AUD
DDR,DICKER DATA LTD,DDR,AUD
DDT,DATADOT TECHNOLOGY LTD,DDT,AUD
DEG,DE GREY MINING LTD,DEG,AUD
DEM,DE.MEM LTD,DEM,AUD
DEV,DEVEX RESOURCES LTD,DEV,AUD
DFM,DONGFANG MODERN AGRICULTURE,DFM,AUD
DGH,DESANE GROUP HOLDINGS LIMITED,DGH,AUD
DGO,DGO GOLD LTD,DGO,AUD
DGR,DGR GLOBAL LTD,DGR,AUD
DHG,DOMAIN HOLDINGS AUSTRALIA LT,DHG,AUD
DHR,DARK HORSE RESOURCES LTD,DHR,AUD
DIV,UBS IQ MORNINGSTAR AUSTRALIA,DIV,AUD
DJRE,SPDR DJ GLOBAL REAL ESTATE F,DJRE,AUD
DJW,DJERRIWARRH INVESTMENTS LIMITED,DJW,AUD
DKM,DUKETON MINING LTD,DKM,AUD
DLC,DELECTA LTD,DLC,AUD
DMA,DYNASTY RESOURCES LTD,DMA,AUD
DME,DOME GOLD MINES LTD,DME,AUD
DMG,DRAGON MOUNTAIN GOLD LTD,DMG,AUD
DMKT,AMP CAP DYNAMIC MKT FUND HEG,DMKT,AUD
DMP,DOMINO'S PIZZA ENTERPRISES L,DMP,AUD
DNA,DONACO INTL LTD,DNA,AUD
DNK,DANAKALI LTD,DNK,AUD
DOR,DORIEMUS PLC-CDI,DOR,AUD
DOW,DOWNER EDI LIMITED,DOW,AUD
DRE,DREADNOUGHT RESOURCES LTD,DRE,AUD
DRO,DRONESHIELD LTD,DRO,AUD
DRUG,BETASHARES GLOBAL HEALTHCARE,DRUG,AUD
DRX,DIATREME RESOURCES LTD,DRX,AUD
DSE,DROPSUITE LTD,DSE,AUD
DTC,DAMSTRA HOLDINGS LTD,DTC,AUD
DTI,DTI GROUP LTD,DTI,AUD
DTL,DATA#3 LIMITED,DTL,AUD
DTM,DART MINING NL,DTM,AUD
DTR,DATELINE RESOURCES LTD,DTR,AUD
DTS,DRAGONTAIL SYSTEMS LTD,DTS,AUD
DTZ,DOTZ NANO LTD,DTZ,AUD
DUB,DUBBER CORP LTD,DUB,AUD
DUI,DIVERSIFIED UNITED INVESTMNT,DUI,AUD
DVL,DORSAVI LTD,DVL,AUD
DVN,DEVINE LIMITED,DVN,AUD
DW8,DIGITAL WINE VENTURES LTD,DW8,AUD
DWS,DWS LTD,DWS,AUD
DXB,DIMERIX LTD,DXB,AUD
DXN,DXN LTD,DXN,AUD
DXNNA,DXN LTD-NEW SHARES,DXNNA,AUD
DXS,DEXUS,DXS,AUD
DYL,DEEP YELLOW LTD,DYL,AUD
E25,ELEMENT 25 LTD,E25,AUD
E2E,EON NRG LTD,E2E,AUD
E2M,E2 METALS LTD,E2M,AUD
EAF,EVANS &amp; PARTNERS ASIA FUND,EAF,AUD
EAI,ELLERSTON ASIAN INVESTMENTS,EAI,AUD
EAR,ECHO RESOURCES LTD,EAR,AUD
EAS,EASTON INVESTMENTS LTD,EAS,AUD
EAX,ENERGY ACTION LTD,EAX,AUD
EBG,EUMUNDI GROUP LTD,EBG,AUD
EBO,EBOS GROUP LTD,EBO,AUD
ECG,ECARGO HOLDINGS LTD,ECG,AUD
ECL,EXCELSIOR CAPITAL LTD,ECL,AUD
ECS,ECS BOTANICS HOLDINGS LTD,ECS,AUD
ECT,ENVIRONMENTAL CLEAN TECHNOLO,ECT,AUD
ECTR,ENVIRONMENTAL CLEAN T-RIGHTS,ECTR,AUD
ECX,ECLIPX GROUP LTD,ECX,AUD
ED1,EVANS DIXON LTD,ED1,AUD
EDC,EILDON CAPITAL LTD,EDC,AUD
EDE,EDEN INNOVATIONS LTD,EDE,AUD
EEG,EMPIRE ENERGY GROUP LTD,EEG,AUD
EER,EAST ENERGY RESOURCES LTD,EER,AUD
EEU,BETASHARES EURO ETF,EEU,AUD
EFE,EASTERN IRON LTD,EFE,AUD
EFF,EVANS &amp; PARTNERS AUS FLGSHIP,EFF,AUD
EGA,EGAN STREET RESOURCES LTD,EGA,AUD
EGD,EVANS &amp; PARTNERS GLOBAL DISR,EGD,AUD
EGF,EVANS &amp; PARTNERS GLOBAL FLGS,EGF,AUD
EGG,ENERO GROUP LTD,EGG,AUD
EGH,EUREKA GROUP HOLDINGS LTD,EGH,AUD
EGI,ELLERSTON GLOBAL INVESTMENTS,EGI,AUD
EGL,ENVIRONMENTAL GROUP LTD/THE,EGL,AUD
EGN,ENGENCO LTD,EGN,AUD
EGO,EMPIRE OIL &amp; GAS NL,EGO,AUD
EGY,ENERGY TECHNOLOGIES LTD,EGY,AUD
EHE,ESTIA HEALTH LTD,EHE,AUD
EHH,EAGLE HEALTH HOLDINGS LTD,EHH,AUD
EHL,EMECO HOLDINGS LIMITED,EHL,AUD
EHX,EHR RESOURCES LTD,EHX,AUD
EIGA,EINVEST INCOME GENERATOR FD,EIGA,AUD
EINC,BETAS LEGG MASON EQT INC FD,EINC,AUD
ELD,ELDERS LTD,ELD,AUD
ELE,ELMORE LTD,ELE,AUD
ELK,ELK PETROLEUM LTD,ELK,AUD
ELO,ELMO SOFTWARE LTD,ELO,AUD
ELS,ELSIGHT LTD,ELS,AUD
ELT,ELEMENTOS LTD,ELT,AUD
ELX,ELLEX MEDICAL LASERS LIMITED,ELX,AUD
EM1,EMERGE GAMING LTD,EM1,AUD
EM2,EAGLE MOUNTAIN MINING LTD,EM2,AUD
EMB,EMBELTON LIMITED,EMB,AUD
EME,ENERGY METALS LTD,EME,AUD
EMH,EUROPEAN METALS HLDS LT-CDI,EMH,AUD
EMKT,VANECK MSCI MULTIF EM EQ ETF,EMKT,AUD
EML,EML PAYMENTS LTD,EML,AUD
EMMG,BETAS LEGG MASON EMEG MKT FD,EMMG,AUD
EMN,EURO MANGANESE INC-CDI,EMN,AUD
EMP,EMPEROR ENERGY LTD,EMP,AUD
EMR,EMERALD RESOURCES NL,EMR,AUD
EMU,EMU NL,EMU,AUD
EMV,EMVISION MEDICAL DEVICES LTD,EMV,AUD
EN1,ENGAGE:BDR LTD,EN1,AUD
ENA,ENSURANCE LTD,ENA,AUD
ENB,ENEABBA GAS LTD,ENB,AUD
ENE,ENEVIS LTD,ENE,AUD
ENN,ELANOR INVESTOR GROUP,ENN,AUD
ENR,ENCOUNTER RESOURCES LTD,ENR,AUD
ENT,ENTERPRISE METALS LTD,ENT,AUD
ENX,ENEGEX LTD,ENX,AUD
EOF,ECOFIBRE LTD,EOF,AUD
EOL,ENERGY ONE LTD,EOL,AUD
EOR,ENHANCED OIL &amp; GAS RECOVERY,EOR,AUD
EOS,ELECTRO OPTIC SYSTEMS HOLDIN,EOS,AUD
EPA,EPHRAIM RESOURCES LTD,EPA,AUD
EPD,EMPIRED LTD,EPD,AUD
EPM,ECLIPSE METALS LTD,EPM,AUD
EPW,ERM POWER LTD,EPW,AUD
EQE,EQUUS MINING LTD,EQE,AUD
EQT,EQT HOLDINGS LTD,EQT,AUD
EQX,EQUATORIAL RESOURCES LTD,EQX,AUD
ERA,ENERGY RESOURCES OF AUST,ERA,AUD
ERF,ELANOR RETAIL PROPERTY FUND,ERF,AUD
ERG,ENECO REFRESH LTD,ERG,AUD
ERL,EMPIRE RESOURCES LTD,ERL,AUD
ERM,EMMERSON RESOURCES LTD,ERM,AUD
ERX,EXORE RESOURCES LTD,ERX,AUD
ESE,ESENSE-LAB LTD-CDI,ESE,AUD
ESGI,VANECK MSCI INTL SUSTAIN EQT,ESGI,AUD
ESH,ESPORTS MOGUL LTD,ESH,AUD
ESK,ETHERSTACK PLC-CDI,ESK,AUD
ESR,ESTRELLA RESOURCES LTD,ESR,AUD
ESTX,ETFS EURO STOXX 50 ETF,ESTX,AUD
ETF,UBS IQ MORNINGSTAR AUSTRALIA,ETF,AUD
ETHI,BETASHARES GLOBAL SUSTAINABI,ETHI,AUD
ETPMPD.1,ETFS PHYSICAL PALLADIUM,ETPMPD.1,AUD
ETPMPM.1,ETFS PHYSICAL PM BASKET,ETPMPM.1,AUD
ETPMPT.1,ETFS PHYSICAL PLATINUM,ETPMPT.1,AUD
EUC,EUROPEAN COBALT LTD,EUC,AUD
EUR,EUROPEAN LITHIUM LTD,EUR,AUD
EVE,EVE INVESTMENTS LTD,EVE,AUD
EVN,EVOLUTION MINING LTD,EVN,AUD
EVO,EVOLVE EDUCATION GROUP LTD,EVO,AUD
EVS,ENVIROSUITE LTD,EVS,AUD
EVT,EVENT HOSPITALITY AND ENTERT,EVT,AUD
EVZ,EVZ LTD,EVZ,AUD
EWC,ENERGY WORLD CORP LTD,EWC,AUD
EX1,EXOPHARM LTD,EX1,AUD
EX20,BETASHARES AU EX20 PORT DIVS,EX20,AUD
EXL,ELIXINOL GLOBAL LTD,EXL,AUD
EXO,ENNOX GROUP LTD,EXO,AUD
EXP,EXPERIENCE CO LTD,EXP,AUD
EXR,ELIXIR ENERGY LTD,EXR,AUD
EZL,EUROZ LIMITED,EZL,AUD
F100,BETASHARES FTSE 100 ETF,F100,AUD
FAIR,BETASHARES AU SUST-LEAD ETF,FAIR,AUD
FAM,FAMILY INSIGHTS GROUP LTD,FAM,AUD
FAR,FAR LTD,FAR,AUD
FAU,FIRST AU LTD,FAU,AUD
FBR,FBR LTD,FBR,AUD
FBU,FLETCHER BUILDING LIMITED,FBU,AUD
FCG,FRONTIER CAPITAL GROUP LTD,FCG,AUD
FCL,FINEOS CORP HOLDINGS PLC-CDI,FCL,AUD
FCT,FIRSTWAVE CLOUD TECHNOLOGY L,FCT,AUD
FDM,FREEDOM OIL AND GAS LTD,FDM,AUD
FDV,FRONTIER DIGITAL VENTURES LT,FDV,AUD
FDX,FRONTIER DIAMONDS LTD,FDX,AUD
FE8,FASTER ENTERPRISES LTD,FE8,AUD
FEI,FE INVESTMENTS GROUP LTD,FEI,AUD
FEL,FE LTD,FEL,AUD
FEMX,FIDELITY GLB EMEG MKT EQMF,FEMX,AUD
FEX,FENIX RESOURCES LTD,FEX,AUD
FFC,FARMAFORCE LTD,FFC,AUD
FFG,FATFISH BLOCKCHAIN LTD,FFG,AUD
FFI,FFI HOLDINGS LIMITED,FFI,AUD
FGF,FIRST GROWTH FUNDS LTD,FGF,AUD
FGG,FUTURE GENERATION GLOBAL INV,FGG,AUD
FGO,FLAMINGO AI LTD,FGO,AUD
FGR,FIRST GRAPHENE LTD,FGR,AUD
FGX,FUTURE GENERATION INVESTMENT,FGX,AUD
FHS,FREEHILL MINING LTD,FHS,AUD
FID,FIDUCIAN GROUP LTD,FID,AUD
FIG,FREEDOM INSURANCE GROUP LTD,FIG,AUD
FIJ,FIJI KAVA LTD,FIJ,AUD
FIN,FIN RESOURCES LTD,FIN,AUD
FLC,FLUENCE CORP LTD,FLC,AUD
FLN,FREELANCER LTD,FLN,AUD
FLOT,VANECK VECTORS AUS FLOAT RAT,FLOT,AUD
FLT,FLIGHT CENTRE TRAVEL GROUP L,FLT,AUD
FMG,FORTESCUE METALS GROUP LTD,FMG,AUD
FML,FOCUS MINERALS LTD,FML,AUD
FMS,FLINDERS MINES LTD,FMS,AUD
FNP,FREEDOM FOODS GROUP LTD,FNP,AUD
FNT,FRONTIER RESOURCES LTD,FNT,AUD
FOD,FOOD REVOLUTION GROUP LTD/TH,FOD,AUD
FOOD,BETASHARES GLB AGRI COMPANIE,FOOD,AUD
FOR,FORAGER AUSTRALIAN SHARES FD,FOR,AUD
FPC,FAT PROPHETS GLOBAL CONTRARI,FPC,AUD
FPH,FISHER &amp; PAYKEL HEALTHCARE C,FPH,AUD
FPL,FREMONT PETROLEUM CORP LTD,FPL,AUD
FPP,FAT PROPHETS GLOBAL PROPERTY,FPP,AUD
FRI,FINBAR GROUP LTD,FRI,AUD
FRM,FARM PRIDE FOODS LIMITED,FRM,AUD
FRN,FRASER RANGE METALS GROUP LT,FRN,AUD
FRX,FLEXIROAM LTD,FRX,AUD
FSA,FSA GROUP LTD,FSA,AUD
FSF,FONTERRA SHAREHOLDERS FUND,FSF,AUD
FSG,FIELD SOLUTIONS HOLDINGS LTD,FSG,AUD
FSI,FLAGSHIP INVESTMENTS LTD,FSI,AUD
FTC,FINTECH CHAIN LTD,FTC,AUD
FTT,FACTOR THERAPEUTICS LTD,FTT,AUD
FTZ,FERTOZ LTD,FTZ,AUD
FUEL,BETA GLB ENERGY COM-CUR HEDG,FUEL,AUD
FUN,FUNTASTIC LIMITED,FUN,AUD
FWD,FLEETWOOD CORPORATION LIMITED,FWD,AUD
FXL,FLEXIGROUP LTD,FXL,AUD
FYI,FYI RESOURCES LTD,FYI,AUD
FZO,FAMILY ZONE CYBER SAFETY LTD,FZO,AUD
FZR,FITZROY RIVER CORP LTD,FZR,AUD
G1A,GALENA MINING LTD,G1A,AUD
G88,GOLDEN MILE RESOURCES LTD,G88,AUD
GAL,GALILEO MINING LTD,GAL,AUD
GAP,GALE PACIFIC LIMITED,GAP,AUD
GAS,STATE GAS LTD,GAS,AUD
GBA,GRANDBRIDGE LTD,GBA,AUD
GBE,GLOBE METALS AND MINING LTD,GBE,AUD
GBM,GBM GOLD LTD,GBM,AUD
GBP,GLOBAL PETROLEUM LTD,GBP,AUD
GBR,GREAT BOULDER RESOURCES LTD,GBR,AUD
GBZ,GBM RESOURCES LTD,GBZ,AUD
GC1,GLENNON SMALL COS LTD,GC1,AUD
GCI,GRYPHON CAPITAL INCOME TRUST,GCI,AUD
GCM,GARDA CAPITAL GROUP,GCM,AUD
GCR,GOLDEN CROSS RESOURCES LTD,GCR,AUD
GCY,GASCOYNE RESOURCES LTD,GCY,AUD
GDF,GARDA DIVERSIFIED PROP FUND,GDF,AUD
GDG,GENERATION DEVELOPMENT GROUP,GDG,AUD
GDI,GDI PROPERTY GROUP,GDI,AUD
GDX,VANECK VECTORS GOLD MINERS,GDX,AUD
GEAR,BETASHARES GEARED AUS EQTY F,GEAR,AUD
GED,GOLDEN DEEPS LTD,GED,AUD
GEM,G8 EDUCATION LTD,GEM,AUD
GES,GENESIS RESOURCES LTD,GES,AUD
GEV,GLOBAL ENERGY VENTURES LTD,GEV,AUD
GFI,GLOBAL FORTUNE INVESTMENT LT,GFI,AUD
GFL,GLOBAL MASTERS FUND LTD,GFL,AUD
GGE,GRAND GULF ENERGY LTD,GGE,AUD
GGG,GREENLAND MINERALS LTD,GGG,AUD
GGUS,BETASHARES GEAR US EQT CUR H,GGUS,AUD
GGX,GAS2GRID LTD,GGX,AUD
GIB,GIBB RIVER DIAMONDS LTD,GIB,AUD
GID,GI DYNAMICS INC-CDI,GID,AUD
GLA,GLADIATOR RESOURCES LIMITED,GLA,AUD
GLB,GLOBE INTERNATIONAL LIMITED,GLB,AUD
GLE,GLG CORP LTD,GLE,AUD
GLH,GLOBAL HEALTH LTD,GLH,AUD
GLHNB,GLOBAL HEALTH LTD-NEW SHARES,GLHNB,AUD
GLIN,AMP CAP GLOBAL INFRASTRUC FD,GLIN,AUD
GLL,GALILEE ENERGY LTD,GLL,AUD
GLN,GALAN LITHIUM LTD,GLN,AUD
GLV,GLOBAL VANADIUM LTD,GLV,AUD
GMA,GENWORTH MORTGAGE INSURANCE,GMA,AUD
GMC,GULF MANGANESE CORP LTD,GMC,AUD
GMD,GENESIS MINERALS LTD,GMD,AUD
GME,GME RESOURCES LIMITED,GME,AUD
GMG,GOODMAN GROUP,GMG,AUD
GML,GATEWAY MINING LTD,GML,AUD
GMN,GOLD MOUNTAIN LTD,GMN,AUD
GMR,GOLDEN RIM RESOURCES LTD,GMR,AUD
GMV,G MEDICAL INNOVATION HOLDING,GMV,AUD
GNC,GRAINCORP LTD-A,GNC,AUD
GNE,GENESIS ENERGY LTD,GNE,AUD
GNG,GR ENGINEERING SERVICES LTD,GNG,AUD
GNX,GENEX POWER LTD,GNX,AUD
GO2,GO2 PEOPLE LTD/THE,GO2,AUD
GOLD,ETFS PHYSICAL GOLD,GOLD,AUD
GOO,GOOROO VENTURES LTD,GOO,AUD
GOR,GOLD ROAD RESOURCES LTD,GOR,AUD
GOVT,SPDR S&amp;P/ASK AUS GOVT BOND,GOVT,AUD
GOW,GOWING BROS LIMITED,GOW,AUD
GOZ,GROWTHPOINT PROPERTIES AUSTR,GOZ,AUD
GPP,GREENPOWER ENERGY LTD,GPP,AUD
GPR,GEOPACIFIC RESOURCES LTD,GPR,AUD
GPS,GPS ALLIANCE HOLDINGS LTD,GPS,AUD
GPT,GPT GROUP,GPT,AUD
GPX,GRAPHEX MINING LTD,GPX,AUD
GRB,GAGE ROADS BREWING CO,GRB,AUD
GRNV,VANECK VECTORS MSCI AU SUSTA,GRNV,AUD
GROW,SCHRODER REAL RETURN FUND,GROW,AUD
GRR,GRANGE RESOURCES LTD,GRR,AUD
GRV,GREENVALE ENERGY LTD,GRV,AUD
GSM,GOLDEN STATE MINING LTD,GSM,AUD
GSN,GREAT SOUTHERN MINING LTD,GSN,AUD
GSS,GENETIC SIGNATURES LTD,GSS,AUD
GSW,GETSWIFT LTD,GSW,AUD
GTE,GREAT WESTERN EXPLORATION LT,GTE,AUD
GTG,GENETIC TECHNOLOGIES LIMITED,GTG,AUD
GTK,GENTRACK GROUP LTD,GTK,AUD
GTN,GTN LTD,GTN,AUD
GTR,GTI RESOURCES LTD,GTR,AUD
GUD,G.U.D. HOLDINGS LIMITED,GUD,AUD
GUL,GULLEWA LIMITED,GUL,AUD
GVF,GLOBAL VALUE FUND LTD,GVF,AUD
GWA,GWA GROUP LTD,GWA,AUD
GWR,GWR GROUP LTD,GWR,AUD
GXY,GALAXY RESOURCES LTD,GXY,AUD
HACK,BETASHARES GLOBAL CYBERSECUR,HACK,AUD
HAR,HARANGA RESOURCES LTD,HAR,AUD
HAS,HASTINGS TECHNOLOGY METALS L,HAS,AUD
HAV,HAVILAH RESOURCES LTD,HAV,AUD
HAW,HAWTHORN RESOURCES LTD,HAW,AUD
HBRD,BETASHARES ACTIVE AUS HYB FD,HBRD,AUD
HCH,HOT CHILI LTD,HCH,AUD
HCT,HOLISTA COLLTECH LTD,HCT,AUD
HDY,HARDEY RESOURCES LTD,HDY,AUD
HE8,HELIOS ENERGY LTD,HE8,AUD
HEUR,BETASHARES EUROPE ETF - CURR,HEUR,AUD
HFR,HIGHFIELD RESOURCES LTD,HFR,AUD
HGH,HEARTLAND GROUP HOLDINGS LTD,HGH,AUD
HGL,HUDSON INVESTMENT GROUP,HGL,AUD
HGM,HIGH GRADE METALS LTD,HGM,AUD
HGO,HILLGROVE RESOURCES LTD,HGO,AUD
HHM,HAMPTON HILL MINING NL,HHM,AUD
HHY,HHY FUND,HHY,AUD
HIL,HILLS LTD,HIL,AUD
HIP,HIPO RESOURCES LTD,HIP,AUD
HIT,HITECH GROUP AUSTRALIA LIMITED,HIT,AUD
HJPN,BETASHARES JAPAN ETF - CURRE,HJPN,AUD
HLA,HEALTHIA LTD,HLA,AUD
HLO,HELLOWORLD TRAVEL LTD,HLO,AUD
HLS,HEALIUS LTD,HLS,AUD
HLX,HELIX RESOURCES LIMITED,HLX,AUD
HM1,HEARTS AND MINDS INVESTMENT,HM1,AUD
HMC,HOME CONSORTIUM,HMC,AUD
HMD,HERAMED LTD,HMD,AUD
HML,HENRY MORGAN LTD,HML,AUD
HMO,HEARMEOUT LTD,HMO,AUD
HMX,HAMMER METALS LTD,HMX,AUD
HNG,HGL LTD,HNG,AUD
HNR,HANNANS LTD,HNR,AUD
HOG,HAWKLEY OIL AND GAS LTD,HOG,AUD
HOR,HORSESHOE METALS LTD,HOR,AUD
HOT,HOTCOPPER HOLDINGS LTD,HOT,AUD
HPI,HOTEL PROPERTY INVESTMENTS,HPI,AUD
HPR,HIGH PEAK ROYALTIES LTD,HPR,AUD
HRL,HRL HOLDINGS LTD,HRL,AUD
HRN,HORIZON GOLD LIMITED,HRN,AUD
HRR,HERON RESOURCES LIMITED,HRR,AUD
HRZ,HORIZON MINERALS LTD,HRZ,AUD
HSC,HOMESTAY CARE LTD,HSC,AUD
HSN,HANSEN TECHNOLOGIES LIMITED,HSN,AUD
HT1,HT&amp;E LTD,HT1,AUD
HT8,HARRIS TECHNOLOGY GROUP LTD,HT8,AUD
HTA,HUTCHISON TELECOMM (AUST),HTA,AUD
HUB,HUB24 LTD,HUB,AUD
HUO,HUON AQUACULTURE GROUP LTD,HUO,AUD
HVN,HARVEY NORMAN HOLDINGS LIMITED,HVN,AUD
HVST,BETASHARES AU DVD HARVESTER,HVST,AUD
HWK,HAWKSTONE MINING LTD,HWK,AUD
HXG,HEXAGON RESOURCES LTD,HXG,AUD
HYD,HYDRIX LTD,HYD,AUD
HZN,HORIZON OIL LTD,HZN,AUD
HZR,HAZER GROUP LTD,HZR,AUD
IAA,ISHARES ASIA 50/AUS,IAA,AUD
IAF,ISHARES CORE COMPOSITE BOND,IAF,AUD
IAG,INSURANCE AUSTRALIA GROUP,IAG,AUD
IAGPD,INSURANCE AUST GROUP,IAGPD,AUD
IAM,INTIGER GROUP LTD,IAM,AUD
IAP,INVESTEC AUSTRALIA PROPERTY,IAP,AUD
IB8,IBOSSES CORP LTD,IB8,AUD
IBC,IRONBARK CAPITAL LTD,IBC,AUD
IBG,IRONBARK ZINC LTD,IBG,AUD
IBN,IBUYNEW GROUP LTD,IBN,AUD
IBX,IMAGION BIOSYSTEMS LTD,IBX,AUD
IBXR,IMAGION BIOSYSTEMS LTD - RIGHTS,IBXR,AUD
ICG,INCA MINERALS LTD,ICG,AUD
ICI,ICANDY INTERACTIVE LTD,ICI,AUD
ICN,ICON ENERGY LIMITED,ICN,AUD
ICQ,ICAR ASIA LTD,ICQ,AUD
ICS,ICSGLOBAL LIMITED,ICS,AUD
ICT,ICOLLEGE LTD,ICT,AUD
ICU,ISENTRIC LTD,ICU,AUD
ID8,IDENTITII LTD,ID8,AUD
IDA,INDIANA RESOURCES LTD,IDA,AUD
IDT,IDT AUSTRALIA LTD,IDT,AUD
IDX,INTEGRAL DIAGNOSTICS LTD,IDX,AUD
IDZ,INDOOR SKYDIVING AUSTRALIA G,IDZ,AUD
IEC,INTRA ENERGY CORP LTD,IEC,AUD
IEL,IDP EDUCATION LTD,IEL,AUD
IEM,ISHARES MSCI EMERGING MK,IEM,AUD
IEQ,INTERNATIONAL EQUITIES CORPORATION LIMITED.,IEQ,AUD
IEU,ISHARES EUROPE/AU,IEU,AUD
IFL,IOOF HOLDINGS LIMITED,IFL,AUD
IFM,INFOMEDIA LTD,IFM,AUD
IFN,INFIGEN ENERGY,IFN,AUD
IFRA,VANECK FTSE GL INFRASTRUCTUR,IFRA,AUD
IFT,INFRATIL LTD,IFT,AUD
IGB,ISHARES TREASURY ETF,IGB,AUD
IGE,INTEGRATED GREEN ENERGY SOLU,IGE,AUD
IGL,IVE GROUP LTD,IGL,AUD
IGN,IGNITE LTD,IGN,AUD
IGO,INDEPENDENCE GROUP NL,IGO,AUD
IHCB,ISHARES CORE GL CORP BD AUDH,IHCB,AUD
IHD,ISHARES S&amp;P/ASX DIVIDEND OPP,IHD,AUD
IHEB,ISHARES JPM USD EM MK BD AUD,IHEB,AUD
IHHY,ISHARES GLB HIGH YLD BD A HG,IHHY,AUD
IHL,IMPRESSION HEALTHCARE LTD,IHL,AUD
IHOO,ISHARES GLOBAL 100 AUD HEDGE,IHOO,AUD
IHR,INTELLIHR LTD,IHR,AUD
IHVV,ISHARES S&amp;P 500 AUD HEDGED,IHVV,AUD
IHWL,ISHARES CORE MSCI WLD AUD HG,IHWL,AUD
IIND,BETASHARES INDIA QUALITY ETF,IIND,AUD
IJH,ISHARES S&amp;P MID-CAP ETF/AUS,IJH,AUD
IJP,ISHARES MSCI JAPAN,IJP,AUD
IJR,ISHARES S&amp;P SMALL CAP ETF/AU,IJR,AUD
IKE,IKEGPS GROUP LTD,IKE,AUD
IKO,ISHARES MSCI SOUTH KOREA ETF,IKO,AUD
IKW,IKWEZI MINING LTD,IKW,AUD
ILB,ISHARES GOVERNMENT INFLATI E,ILB,AUD
ILC,ISHARES S&amp;P/ASX 20 ETF,ILC,AUD
ILU,ILUKA RESOURCES LIMITED,ILU,AUD
IMA,IMAGE RESOURCES NL,IMA,AUD
IMC,IMMURON LIMITED,IMC,AUD
IMD,IMDEX LIMITED,IMD,AUD
IME,IMEXHS LTD,IME,AUD
IMF,IMF BENTHAM LTD,IMF,AUD
IMFHA,IMF BENTHAM NOTES 30.6.19,IMFHA,AUD
IMM,IMMUTEP LTD,IMMDC,AUD
IMPQ,EINVEST FUT IMPT S-CAP FUND,IMPQ,AUD
IMR,IMRICOR MEDICAL SYSTEMS-CDI,IMR,AUD
IMS,IMPELUS LTD,IMS,AUD
IMU,IMUGENE LTD,IMU,AUD
INA,INGENIA COMMUNITIES GROUP,INA,AUD
INCM,BETASHARES GB INCOME LEADERS,INCM,AUD
INES,INVESTSMART ETHICAL SHARE FD,INES,AUD
INF,INFINITY LITHIUM CORP LTD,INF,AUD
ING,INGHAMS GROUP LTD,ING,AUD
INIF,INVESTSMART AUS EQT INCOME F,INIF,AUD
INK,INDAGO ENERGY LTD,INK,AUD
INP,INCENTIAPAY LTD,INP,AUD
INR,IONEER LTD,INR,AUD
INV,INVESTSMART GROUP LTD,INV,AUD
IOD,IODM LTD,IOD,AUD
IOO,ISHARES GLOBAL 100/AU,IOO,AUD
IOT,IOT GROUP LTD,IOT,AUD
IOZ,ISHARES CORE S&amp;P/ASX 200 ETF,IOZ,AUD
IP1,INTEGRATED PAYMENT TECHNOLOG,IP1,AUD
IPB,IPB PETROLEUM LTD,IPB,AUD
IPC,IMPERIAL PACIFIC LTD,IPC,AUD
IPD,IMPEDIMED LTD,IPD,AUD
IPH,IPH LTD,IPH,AUD
IPL,INCITEC PIVOT LIMITED,IPL,AUD
IPT,IMPACT MINERALS LTD,IPT,AUD
IQ3,IQ3CORP LTD,IQ3,AUD
IRD,IRON ROAD LTD,IRD,AUD
IRE,IRESS LTD,IRE,AUD
IRI,INTEGRATED RESEARCH LIMITED,IRI,AUD
IS3,I SYNERGY GROUP LIMITED,IS3,AUD
ISD,ISENTIA GROUP LTD,ISD,AUD
ISEC,ISHARES ENHANCED CASH ETF,ISEC,AUD
ISO,ISHARES S&amp;P/ASX SMALL ORDINA,ISO,AUD
ISU,ISELECT LTD,ISU,AUD
ISX,ISIGNTHIS LTD,ISX,AUD
ITG,INTEGA GROUP LTD,ITG,AUD
IVC,INVOCARE LIMITED,IVC,AUD
IVE,ISHARES MSCI ETF,IVE,AUD
IVO,INVIGOR GROUP LTD,IVO,AUD
IVQ,INVITROCUE LTD,IVQ,AUD
IVR,INVESTIGATOR RESOURCES LTD,IVR,AUD
IVV,ISHARES S&amp;P 500 ETF/AUS,IVV,AUD
IVX,INVION LTD,IVX,AUD
IVZ,INVICTUS ENERGY LTD,IVZ,AUD
IWLD,ISHARES CORE MSCI WORLD ALL,IWLD,AUD
IXC,INVEX THERAPEUTICS LTD,IXC,AUD
IXI,ISHARES GLOBAL CONSUM STAPLE,IXI,AUD
IXJ,ISHARES GLOBAL HEALTHCAR/AU,IXJ,AUD
IXU,IXUP LTD,IXU,AUD
IZZ,ISHARES CHINA LARGE-CAP/AUD,IZZ,AUD
JAL,JAMESON RESOURCES LTD,JAL,AUD
JAN,JANISON EDUCATION GROUP LTD,JAN,AUD
JAT,JATENERGY LTD,JAT,AUD
JAY,JAYRIDE GROUP LTD,JAY,AUD
JBH,JB HI-FI LIMITED,JBH,AUD
JCI,JIANCHENG INTERNATIONAL GROU,JCI,AUD
JCS,JCURVE SOLUTIONS LTD,JCS,AUD
JDR,JADAR LITHIUM LTD,JDR,AUD
JHC,JAPARA HEALTHCARE LTD,JHC,AUD
JHG,JANUS HENDERSON GROUP-CDI,JHG,AUD
JHL,JAYEX HEALTHCARE LTD,JHL,AUD
JHX,JAMES HARDIE INDUSTRIES-CDI,JHX,AUD
JIN,JUMBO INTERACTIVE LTD,JIN,AUD
JIP,JACK-IN GROUP LTD,JIP,AUD
JJF,JIAJIAFU MODERN AGRICULTURE,JJF,AUD
JKA,JACKA RESOURCES LTD,JKA,AUD
JLG,JOHNS LYNG GROUP LTD,JLG,AUD
JMS,JUPITER MINES LTD,JMS,AUD
JPR,JUPITER ENERGY LTD,JPR,AUD
JRL,JINDALEE RESOURCES LTD,JRL,AUD
JRV,JERVOIS MINING LTD,JRV,AUD
JVG,JV GLOBAL LTD,JVG,AUD
JXT,JAXSTA LTD,JXT,AUD
JYC,JOYCE CORPORATION LIMITED,JYC,AUD
K2F,K2FLY LTD,K2F,AUD
KAI,KAIROS MINERALS LTD,KAI,AUD
KAM,K2 ASSET MANAGEMENT HOLDINGS,KAM,AUD
KAR,KAROON ENERGY LTD,KAR,AUD
KAS,KASBAH RESOURCES LTD,KAS,AUD
KAT,KATANA CAPITAL LTD,KAT,AUD
KBC,KEYBRIDGE CAPITAL LTD,KBC,AUD
KBCPA,KEYBRIDGE CAPITAL LTD - SPINOFF,KBCPA,AUD
KCN,KINGSGATE CONSOLIDATED LTD,KCN,AUD
KEY,KEY PETROLEUM LTD,KEY,AUD
KFE,KOGI IRON LTD,KFE,AUD
KGD,KULA GOLD LTD,KGD,AUD
KGL,KGL RESOURCES LTD,KGL,AUD
KGM,KALNORTH GOLD MINES LTD,KGM,AUD
KGN,KOGAN.COM LTD,KGN,AUD
KII,K2 GLOBAL EQUITIES FUND,KII,AUD
KIN,KIN MINING NL,KIN,AUD
KIS,KING ISLAND SCHEELITE LTD,KIS,AUD
KKL,KOLLAKORN CORP LTD,KKL,AUD
KKO,KINETIKO ENERGY LTD,KKO,AUD
KKT,KONEKT LTD,KKT,AUD
KLA,KIRKLAND LAKE GOLD LTD-CDI,KLA,AUD
KLH,KALIA LTD,KLH,AUD
KLL,KALIUM LAKES LTD,KLL,AUD
KLO,KINGSLAND GLOBAL LTD-CDI,KLO,AUD
KLR,KAILI RESOURCES LTD,KLR,AUD
KMD,KATHMANDU HOLDINGS LTD,KMD,AUD
KME,KIP MCGRATH EDUCATION CENTRE,KME,AUD
KMT,KOPORE METALS LTD,KMT,AUD
KNL,KIBARAN RESOURCES LTD,KNL,AUD
KNM,KNEOMEDIA LTD,KNM,AUD
KNO,KNOSYS LTD,KNO,AUD
KOR,KORAB RESOURCES LTD,KOR,AUD
KOV,KORVEST LIMITED,KOV,AUD
KP2,KORE POTASH PLC - CDI,KP2,AUD
KPC,KAZAKHSTAN POTASH CORP LTD,KPC,AUD
KPE,KINA PETROLEUM CORP,KPE,AUD
KPG,KELLY PARTNERS GROUP HOLDING,KPG,AUD
KPO,KALINA POWER LTD,KPO,AUD
KPT,KANGAROO ISLAND PLANTATION T,KPT,AUD
KRM,KINGSROSE MINING LTD,KRM,AUD
KRR,KING RIVER RESOURCES LTD,KRR,AUD
KRS,KRESTA HOLDINGS LIMITED,KRS,AUD
KRX,KOPPAR RESOURCES LTD,KRX,AUD
KSC,K &amp; S CORPORATION LIMITED,KSC,AUD
KSL,KINA SECURITIES LTD,KSL,AUD
KSM,K2 AUS SMALL CAP FUND,KSM,AUD
KSN,KINGSTON RESOURCES LTD,KSNDC,AUD
KSS,KLEOS SPACE SA-CDI,KSS,AUD
KTA,KRAKATOA RESOURCES LTD,KTA,AUD
KTD,KEYTONE DAIRY CORP LTD,KTD,AUD
KTE,K2 ENERGY LTD,KTE,AUD
KTG,K-TIG LTD,KTG,AUD
KWR,KINGWEST RESOURCES LTD,KWR,AUD
KYK,KYCKR LTD,KYK,AUD
KZA,KAZIA THERAPEUTICS LTD,KZA,AUD
KZR,KALAMAZOO RESOURCES LIMITED,KZR,AUD
LAA,LATAM AUTOS LTD,LAA,AUD
LAM,LARAMIDE RESOURCES LTD-CDI,LAM,AUD
LAU,LINDSAY AUSTRALIA LTD,LAU,AUD
LAW,LAWFINANCE LTD,LAW,AUD
LBL,LASERBOND LTD,LBL,AUD
LBT,LBT INNOVATIONS LTD,LBT,AUD
LCD,LATITUDE CONSOLIDATED LTD,LCD,AUD
LCE,LONDON CITY EQUITIES LIMITED,LCE,AUD
LCK,LEIGH CREEK ENERGY LTD,LCK,AUD
LCM,LOGICAMMS LTD,LCM,AUD
LCT,LIVING CELL TECHNOLOGIES LTD,LCT,AUD
LCY,LEGACY IRON ORE LTD,LCY,AUD
LEG,LEGEND MINING LIMITED,LEG,AUD
LEP,ALE PROPERTY GROUP,LEP,AUD
LER,LEAF RESOURCES LTD,LER,AUD
LEX,LEFROY EXPLORATION LTD,LEX,AUD
LGR,LANKA GRAPHITE LTD,LGR,AUD
LHB,LIONHUB GROUP LTD,LHB,AUD
LHM,LAND &amp; HOMES GROUP LTD,LHM,AUD
LI3,LITHIUM CONSOLIDATED LTD,LI3,AUD
LIC,LIFESTYLE COMMUNITIES LTD,LIC,AUD
LIN,LINDIAN RESOURCES LTD,LIN,AUD
LIO,LION ENERGY LTD,LIO,AUD
LIT,LITHIUM AUSTRALIA NL,LIT,AUD
LITCE,LITHIUM AUSTRALI-PARTLY PAID,LITCE,AUD
LKE,LAKE RESOURCES NL,LKE,AUD
LKO,LAKES OIL NL,LKO,AUD
LLC,LENDLEASE GROUP,LLC,AUD
LLO,LION ONE METALS LTD-CDI,LLO,AUD
LMG,LATROBE MAGNESIUM LTD,LMG,AUD
LML,LINCOLN MINERALS LTD,LML,AUD
LMW,LANDMARK WHITE LTD,LMW,AUD
LNG,LIQUEFIED NATURAL GAS LTD,LNG,AUD
LNK,LINK ADMINISTRATION HOLDINGS,LNK,AUD
LNU,LINIUS TECHNOLOGIES LTD,LNU,AUD
LNY,LANEWAY RESOURCES LTD,LNY,AUD
LOM,LUCAPA DIAMOND CO LTD,LOM,AUD
LON,LONGTABLE GROUP LTD,LON,AUD
LOT,LOTUS RESOURCES LTD,LOT,AUD
LOV,LOVISA HOLDINGS LTD,LOV,AUD
LPD,LEPIDICO LTD,LPD,AUD
LPE,LOCALITY PLANNING ENERGY HOL,LPE,AUD
LPI,LITHIUM POWER INTERNATIONAL,LPI,AUD
LRM,LUSTRUM MINERALS LTD,LRM,AUD
LRS,LATIN RESOURCES LTD,LRS,AUD
LRT,LOWELL RESOURCES FUND,LRT,AUD
LSA,LACHLAN STAR LTD,LSA,AUD
LSF,L1 LONG SHORT FUND LTD,LSF,AUD
LSH,LIFESPOT HEALTH LTD,LSH,AUD
LSR,LODESTAR MINERALS LTD,LSR,AUD
LSX,LION SELECTION GROUP LIMITED,LSX,AUD
LTN,LANTERN HOTEL GROUP LTD,LTN,AUD
LTR,LIONTOWN RESOURCES LTD,LTR,AUD
LVE,LOVE GROUP GLOBAL LTD,LVE,AUD
LVH,LIVEHIRE LTD,LVH,AUD
LVT,LIVETILES LTD,LVT,AUD
LYC,LYNAS CORPORATION LIMITED,LYC,AUD
LYL,LYCOPODIUM LTD,LYL,AUD
M7T,MACH7 TECHNOLOGIES LTD,M7T,AUD
MA1,MONASH ABSOLUTE INVESTMENT C,MA1,AUD
MAD,MADER GROUP LTD,MAD,AUD
MAG,MAGMATIC RESOURCES LTD,MAG,AUD
MAH,MACMAHON HOLDINGS LIMITED,MAH,AUD
MAI,MAINSTREAM GROUP HOLDINGS LT,MAI,AUD
MAM,MICROEQUITIES ASSET MANAGEME,MAM,AUD
MAN,MANDRAKE RESOURCES LTD,MAN,AUD
MAQ,MACQUARIE TELECOM GROUP LTD,MAQ,AUD
MAR,MALACHITE RESOURCES LTD,MAR,AUD
MAT,MATSA RESOURCES LTD,MAT,AUD
MAU,MAGNETIC RESOURCES NL,MAU,AUD
MAX,MILLINIUM'S ALTERNATIVES PLU,MAX,AUD
MAY,MELBANA ENERGY LTD,MAY,AUD
MBK,METAL BANK LTD,MBK,AUD
MBLHB,MACQUARIE BANK LTD,MBLHB,AUD
MBLPA,MACQUARIE BANK LTD,MBLPA,AUD
MBM,MOBECOM LTD,MBM,AUD
MBT,MISSION NEWENERGY LTD,MBT,AUD
MCA,MURRAY COD AUSTRALIA LTD,MCA,AUD
MCE,MATRIX COMPOSITES &amp; ENG,MCE,AUD
MCH,MURCHISON HOLDINGS LIMITED,MCH,AUD
MCM,MC MINING LTD,MCM,AUD
MCP,MCPHERSON'S LIMITED,MCP,AUD
MCR,MINCOR RESOURCES NL,MCR,AUD
MCT,METALICITY LTD,MCT,AUD
MCX,MARINER CORP LTD,MCX,AUD
MCY,MERCURY NZ LTD,MCY,AUD
MDC,MEDLAB CLINICAL LTD,MDC,AUD
MDI,MIDDLE ISLAND RESOURCES LTD,MDI,AUD
MDR,MEDADVISOR LTD,MDR,AUD
MDX,MINDAX LTD,MDX,AUD
MEA,MCGRATH LTD,MEA,AUD
MEB,MEDIBIO LTD,MEB,AUD
MEC,MORPHIC ETHICAL EQUITIES FUN,MEC,AUD
MED,MERLIN DIAMONDS LTD,MED,AUD
MEI,METEORIC RESOURCES NL,MEI,AUD
MEL,METGASCO LTD,MEL,AUD
MEM,MEMPHASYS LTD,MEM,AUD
MEP,MINOTAUR EXPLORATION LTD,MEP,AUD
MEQ,METLIFECARE LTD,MEQ,AUD
MEU,MARMOTA LTD,MEU,AUD
MEY,MARENICA ENERGY LTD,MEY,AUD
MEZ,MERIDIAN ENERGY LTD,MEZ,AUD
MFD,MAYFIELD CHILDCARE LTD,MFD,AUD
MFF,MFF CAPITAL INVESTMENTS LTD,MFF,AUD
MFG,MAGELLAN FINANCIAL GROUP LTD,MFG,AUD
MGC,MG UNIT TRUST,MGC,AUD
MGE,MAGELLAN GLOBAL EQUITIES FND,MGE,AUD
MGG,MAGELLAN GLOBAL TRUST,MGG,AUD
MGL,MAGONTEC LTD,MGL,AUD
MGR,MIRVAC GROUP,MGR,AUD
MGT,MAGNETITE MINES LTD,MGT,AUD
MGU,MAGNUM MINING AND EXPLORATIO,MGU,AUD
MGV,MUSGRAVE MINERALS LTD,MGV,AUD
MGX,MOUNT GIBSON IRON LTD,MGX,AUD
MGZ,MEDIGARD LTD,MGZ,AUD
MHC,MANHATTAN CORPORATION LTD,MHC,AUD
MHD,MILLENNIUM LTD,MHD,AUD
MHG,MAGELLAN GLB EQUITIES-CURR H,MHG,AUD
MHH,MAGELLAN HIGH CONVICTION TRS,MHH,AUD
MHI,MERCHANT HOUSE INTERNATIONAL LIMITED,MHI,AUD
MHJ,MICHAEL HILL INTERNATIONAL L,MHJ,AUD
MICH,MAGELLAN INFRA FUND-CURR HGD,MICH,AUD
MIG,ACN 059457279 LTD,MIG,AUD
MIH,LINKTONE LTD-CDI,MIH,AUD
MIL,MILLENNIUM SERVICES GROUP LT,MIL,AUD
MIN,MINERAL RESOURCES LTD,MIN,AUD
MIR,MIRRABOOKA INVESTMENTS LIMITED,MIR,AUD
MJC,MEJORITY CAPITAL LTD,MJC,AUD
MKG,MAKO GOLD LTD,MKG,AUD
MLD,MACA LTD,MLD,AUD
MLL,MALI LITHIUM LTD,MLL,AUD
MLM,METALLICA MINERALS LTD,MLM,AUD
MLS,METALS AUSTRALIA LTD,MLS,AUD
MLT,MILTON CORPORATION LIMITED,MLT,AUD
MLX,METALS X LTD,MLX,AUD
MMG,MMG LTD-CDI,MMG,AUD
MMI,METRO MINING LTD,MMI,AUD
MMJ,MMJ GROUP HOLDINGS LTD,MMJ,AUD
MML,MEDUSA MINING LTD,MML,AUD
MMM,MARLEY SPOON AG-CDI,MMM,AUD
MMR,MEC RESOURCES LTD,MMR,AUD
MMS,MCMILLAN SHAKESPEARE LTD,MMS,AUD
MNB,MINBOS RESOURCES LTD,MNB,AUD
MNC,METMINCO LTD,MNC,AUD
MND,MONADELPHOUS GROUP LIMITED,MND,AUD
MNF,MNF GROUP LTD,MNF,AUD
MNRS,BETA GLB GOLD MINERS-CURR HG,MNRS,AUD
MNS,MAGNIS ENERGY TECHNOLOGIES L,MNS,AUD
MNW,MINT PAYMENTS LTD,MNW,AUD
MNY,MONEY3 CORP LTD,MNY,AUD
MOAT,VANECK VECTORS MORNINGSTAR W,MOAT,AUD
MOB,MOBILICOM LTD/AUSTRALIA,MOB,AUD
MOC,MORTGAGE CHOICE LTD,MOC,AUD
MOE,MOELIS AUSTRALIA LTD,MOE,AUD
MOGL,MONTGOMERY GLOBAL EQT FD MFD,MOGL,AUD
MOH,MOHO RESOURCES NL,MOH,AUD
MONY,UBS IQ CASH ETF,MONY,AUD
MOQ,MOQ LTD,MOQ,AUD
MOT,MCP INCOME OPPORTUNITIES TRU,MOT,AUD
MOY,MILLENNIUM MINERALS LTD,MOY,AUD
MP1,MEGAPORT LTD,MP1,AUD
MPH,MEDILAND PHARM LTD,MPH,AUD
MPL,MEDIBANK PRIVATE LTD,MPL,AUD
MPO,MOLOPO ENERGY LTD,MPO,AUD
MPP,METRO PERFORMANCE GLASS LTD,MPP,AUD
MPR,MPOWER GROUP LTD,MPR,AUD
MPW,MSL SOLUTIONS LTD,MPW,AUD
MPX,MUSTERA PROPERTY GROUP LTD,MPX,AUD
MQG,MACQUARIE GROUP LTD,MQG,AUD
MQGPB,MACQUARIE GROUP LTD,MQGPB,AUD
MQGPC,MACQUARIE GROUP CAPITAL NOTES,MQGPC,AUD
MQGPD,MAQUARIE GROUP,MQGPD,AUD
MQR,MARQUEE RESOURCES LIMITED,MQR,AUD
MRC,MINERAL COMMODITIES LTD,MRC,AUD
MRD,MOUNT RIDLEY MINES LTD,MRD,AUD
MRG,MURRAY RIVER ORGANICS GROUP,MRG,AUD
MRL,MAYUR RESOURCES LTD-CDI,MRL,AUD
MRM,MMA OFFSHORE LTD,MRM,AUD
MRQ,MRG METALS LTD,MRQ,AUD
MRR,MINREX RESOURCES LTD,MRR,AUD
MRV,MORETON RESOURCES LTD,MRV,AUD
MRVND,MORETON RESOURCES LTD,MRVND,AUD
MRZ,MONT ROYAL RESOURCES LTD,MRZ,AUD
MSB,MESOBLAST LTD,MSB,AUD
MSE,METALSEARCH LTD,MSE,AUD
MSG,MCS SERVICES LTD,MSG,AUD
MSI,MULTISTACK INTERNATIONAL LIMITED,MSI,AUD
MSM,MSM CORPORATION INTERNATIONA,MSM,AUD
MSR,MANAS RESOUCES LTD,MSR,AUD
MSV,MITCHELL SERVICES LTD,MSV,AUD
MTB,MOUNT BURGESS MINING NL,MTB,AUD
MTC,METALSTECH LTD,MTC,AUD
MTH,MITHRIL RESOURCES LTD,MTH,AUD
MTL,MANALTO LTD,MTL,AUD
MTO,MOTORCYCLE HOLDINGS LTD,MTO,AUD
MTS,METCASH LIMITED,MTS,AUD
MVA,VANECK VECTORS AUSTRALIAN PR,MVA,AUD
MVB,VANECK VECTORS AUSTRALIAN BA,MVB,AUD
MVE,VANECK VECTORS S&amp;P/ASX MIDCA,MVE,AUD
MVF,MONASH IVF GROUP LTD,MVF,AUD
MVOL,ISHARES EDGE MSCI AU MIN VOL,MVOL,AUD
MVP,MEDICAL DEVELOPMENTS INTERNA,MVP,AUD
MVR,VANECK VECTORS AUSTRALIAN RE,MVR,AUD
MVS,VANECK VECTORS SMALL COMPANI,MVS,AUD
MVTHA,MERCANTILE INVEST - BOND 8% 10-07-21 SEMI SUB,MVTHA,AUD
MVW,VANECK VECTORS AUS EQUAL WEI,MVW,AUD
MWR,MGM WIRELESS LTD,MWR,AUD
MWY,MIDWAY LTD,MWY,AUD
MX1,MICRO-X LTD,MX1,AUD
MXC,MGC PHARMACEUTICALS LTD,MXC,AUD
MXI,MAXITRANS INDUSTRIES LIMITED,MXI,AUD
MXR,MAXIMUS RESOURCES LTD,MXR,AUD
MXT,MCP MASTER INCOME TRUST,MXT,AUD
MXUPA,MULTIPLEX SITES TR,MXUPA,AUD
MYE,MASTERMYNE GROUP LTD,MYE,AUD
MYL,MYANMAR METALS LTD,MYL,AUD
MYMNF,YOUNG AUS,XINEBG,AUD
MYQ,MYFIZIQ LTD,MYQ,AUD
MYR,MYER HOLDINGS LTD,MYR,AUD
MYS,MYSTATE LTD,MYS,AUD
MYX,MAYNE PHARMA GROUP LTD,MYX,AUD
MZI,MZI RESOURCES LTD,MZI,AUD
MZN,MARINDI METALS LTD,MZN,AUD
MZZ,MATADOR MINING LIMITED,MZZ,AUD
N1H,N1 HOLDINGS LTD,N1H,AUD
N27,NORTHERN COBALT LTD,N27,AUD
NAB,NATIONAL AUSTRALIA BANK LIMITED,NAB,AUD
NABHA,NATIONAL AUSTRALIA BANK-NOTE,NABHA,AUD
NABPB,NATIONAL AUSTRALIA BANK - PUBLIC,NABPB,AUD
NABPC,NATIONAL AUSTRALIA BANK,NABPC,AUD
NABPD,NATIONAL AUSTRALIA BANK,NABPD,AUD
NABPE,NATIONAL AUSTRALIA BANK,NABPE,AUD
NABPF,NATIONAL AUS BK NOTES 19.06.28,NABPF,AUD
NAC,NAOS EX-50 OPPORTUNITIES CO,NAC,AUD
NAE,NEW AGE EXPLORATION LTD,NAE,AUD
NAG,NAGAMBIE RESOURCES LTD,NAG,AUD
NAM,NAMOI COTTON LTD,NAM,AUD
NAN,NANOSONICS LTD,NAN,AUD
NBI,NB GLOBAL CORPORATE INCOME T,NBI,AUD
NBL,NONI B LIMITED,NBL,AUD
NC6,NANOLLOSE LTD,NC6,AUD
NCC,NAOS EMERGING OPPORTUNITIES,NCC,AUD
NCK,NICK SCALI LTD,NCK,AUD
NCL,NETCCENTRIC LTD,NCL,AUD
NCM,NEWCREST MINING LIMITED,NCM,AUD
NCR,NUCOAL RESOURCES LTD,NCR,AUD
NCZ,NEW CENTURY RESOURCES LTD,NCZ,AUD
NDIA,ETFS RELIANCE INDIA NIFTY 50,NDIA,AUD
NDQ,BETASHARES NASDAQ 100 ETF,NDQ,AUD
NEA,NEARMAP LTD,NEA,AUD
NEC,NINE ENTERTAINMENT CO HOLDIN,NEC,AUD
NES,NELSON RESOURCES LTD,NES,AUD
NET,NETLINKZ LTD,NET,AUD
NEU,NEUREN PHARMACEUTICALS LTD,NEU,AUD
NEW,NEW ENERGY SOLAR LTD,NEW,AUD
NFNG,NUFARM FINANCE NZ LTD-NSS,NFNG,AUD
NGE,NGE CAPITAL LTD,NGE,AUD
NGI,NAVIGATOR GLOBAL INVESTMENTS,NGI,AUD
NGY,NUENERGY GAS LTD,NGY,AUD
NHC,NEW HOPE CORP LTD,NHC,AUD
NHF,NIB HOLDINGS LTD,NHF,AUD
NHL,NOVITA HEALTHCARE LTD,NHL,AUD
NIC,NICKEL MINES LTD,NIC,AUD
NIU,NIUMINCO GROUP LTD,NIU,AUD
NME,NEX METALS EXPLORATION LTD,NME,AUD
NMI,NORTHERN MINING LTD,NMI,AUD
NML,NAVARRE MINERALS LTD,NML,AUD
NMS,NEPTUNE MARINE SERVICES LTD,NMS,AUD
NMT,NEOMETALS LTD,NMT,AUD
NNW,99 WUXIAN LTD-CDI,NNW,AUD
NOR,NORWOOD SYSTEMS LTD,NOR,AUD
NOV,NOVATTI GROUP LTD,NOV,AUD
NOX,NOXOPHARM LTD,NOX,AUD
NSB,NEUROSCIENTIFIC BIOPHARMACEU,NSB,AUD
NSC,NAOS SMALL CAP OPPORTUNITIES,NSC,AUD
NSE,NEW STANDARD ENERGY LTD,NSE,AUD
NSR,NATIONAL STORAGE REIT,NSR,AUD
NST,NORTHERN STAR RESOURCES LTD,NST,AUD
NSX,NSX LTD,NSX,AUD
NTD,NATIONAL TYRE &amp; WHEEL LTD,NTD,AUD
NTI,NEUROTECH INTERNATIONAL LTD,NTI,AUD
NTL,NEW TALISMAN GOLD MINES LTD,NTL,AUD
NTM,NTM GOLD LTD,NTM,AUD
NTU,NORTHERN MINERALS LTD,NTU,AUD
NUF,NUFARM LIMITED,NUF,AUD
NUH,NUHEARA LIMITED,NUH,AUD
NUS,NUSANTARA RESOURCES LTD,NUS,AUD
NVA,NOVA MINERALS LTD,NVA,AUD
NVL,NATIONAL VETERINARY CARE LTD,NVL,AUD
NVO,NVOI LTD,NVO,AUD
NVU,NANOVEU LTD,NVU,AUD
NVX,NOVONIX LTD,NVX,AUD
NWC,NEW WORLD COBALT LTD,NWC,AUD
NWE,NORWEST ENERGY NL,NWE,AUD
NWF,NEWFIELD RESOURCES LTD,NWF,AUD
NWH,NRW HOLDINGS LTD,NWH,AUD
NWL,NETWEALTH GROUP LTD,NWL,AUD
NWM,NORWEST MINERALS LTD,NWM,AUD
NWS,NEWS CORP - CLASS B- CDI,NWS,AUD
NXE,NEW ENERGY MINERALS LTD,NXE,AUD
NXM,NEXUS MINERALS LTD,NXM,AUD
NXS,NEXT SCIENCE LTD,NXS,AUD
NXT,NEXTDC LTD,NXT,AUD
NZC,NZURI COPPER LTD,NZC,AUD
NZK,NEW ZEALAND KING SALMON INVE,NZK,AUD
NZM,NZME LIMITED,NZM,AUD
NZS,NEW ZEALAND COASTAL SEAFOODS,NZS,AUD
OAR,OAKDALERESOURCES LTD,OAR,AUD
OAU,ORA GOLD LTD,OAU,AUD
OBJ,OBJ LTD,OBJ,AUD
OBM,ORA BANDA MINING LTD,OBM,AUD
OCA,OCEANIA HEALTHCARE LTD,OCA,AUD
OCC,ORTHOCELL LTD,OCC,AUD
OCL,OBJECTIVE CORPORATION LIMITED,OCL,AUD
ODA,ORCODA LTD,ODA,AUD
ODM,ODIN METALS LTD,ODM,AUD
ODY,ODYSSEY ENERGY LIMITED,ODY,AUD
OEC,ORBITAL CORP LTD,OEC,AUD
OEL,OTTO ENERGY LTD,OEL,AUD
OEQ,ORION EQUITIES LTD,OEQ,AUD
OEX,OILEX LTD,OEX,AUD
OFX,OFX GROUP LTD,OFX,AUD
OGA,OCEAN GROWN ABALONE LTD,OGA,AUD
OGC,OCEANAGOLD CORP-CDI,OGC,AUD
OGX,ORINOCO GOLD LTD,OGX,AUD
OIL,OPTISCAN IMAGING LIMITED,OIL,AUD
OKJ,OAKAJEE CORP,OKJ,AUD
OKR,OKAPI RESOURCES LTD,OKR,AUD
OKU,OKLO RESOURCES LTD,OKU,AUD
OLH,OLDFIELDS HOLDINGS LIMITED,OLH,AUD
OLI,OLIVER'S REAL FOOD LTD,OLI,AUD
OLV,OTHERLEVELS HOLDINGS LIMITED,OLV,AUD
OMH,OM HOLDINGS LTD,OMH,AUD
OML,OOH!MEDIA LTD,OML,AUD
OMN,ONEMARKET LTD,OMN,AUD
ONE,ONEVIEW HEALTHCARE PLC-CDI,ONE,AUD
ONT,1300 SMILES LTD,ONT,AUD
ONX,ORMINEX LTD,ONX,AUD
OOK,OOKAMI LTD,OOK,AUD
OOO,BETASHARES CRUDE OIL,OOO,AUD
OPC,OPTICOMM LTD,OPC,AUD
OPH,OPHIR HIGH CONVICTION FD-LIT,OPH,AUD
OPN,OPENDNA LTD,OPN,AUD
OPT,OPTHEA LTD,OPT,AUD
ORA,ORORA LTD,ORA,AUD
ORE,OROCOBRE LTD,ORE,AUD
ORG,ORIGIN ENERGY LIMITED,ORG,AUD
ORI,ORICA LIMITED,ORI,AUD
ORM,ORION METALS LTD,ORM,AUD
ORN,ORION MINERALS LTD,ORN,AUD
ORR,ORECORP LTD,ORR,AUD
OSH,OIL SEARCH LIMITED,OSH,AUD
OSL,ONCOSIL MEDICAL LTD,OSL,AUD
OSP,OSPREY MEDICAL INC-CDI,OSP,AUD
OSX,OSTEOPORE LTD,OSX,AUD
OTR,ONTERRAN LTD,OTR,AUD
OTW,OVER THE WIRE HOLDINGS LTD,OTW,AUD
OVH,ONEVUE HOLDINGS LTD,OVH,AUD
OVL,ORO VERDE LTD,OVL,AUD
OVN,OVENTUS MEDICAL LTD,OVN,AUD
OVT,OVATO LTD,OVT,AUD
OXX,OCTANEX LTD,OXX,AUD
OZF,SPDR S&amp;P/ASX 200 FINANCIALS,OZF,AUD
OZG,OZGROWTH LTD,OZG,AUD
OZL,OZ MINERALS LTD,OZL,AUD
OZR,SPDR S&amp;P/ASX 200 RESOURCES F,OZR,AUD
P2P,P2P TRANSPORT LTD,P2P,AUD
PAA,PHARMAUST LTD,PAA,AUD
PAB,PATRYS LTD,PAB,AUD
PAC,PACIFIC CURRENT GROUP LTD,PAC,AUD
PAF,PM CAPITAL ASIAN OPPORTUNITI,PAF,AUD
PAI,PLATINUM ASIA INVESTMENTS LT,PAI,AUD
PAK,PACIFIC AMERICAN HOLDINGS LT,PAK,AUD
PAL,PALLA PHARMA LTD,PAL,AUD
PAN,PANORAMIC RESOURCES LTD,PAN,AUD
PAR,PARADIGM BIOPHARMACEUTICALS,PAR,AUD
PAXX,PLATINUM ASIA FUND ETF,PAXX,AUD
PBH,POINTSBET HOLDINGS LTD,PBH,AUD
PBHR,POINTSBET HOLDINGS LT-RIGHTS,PBHR,AUD
PBP,PROBIOTEC LTD,PBP,AUD
PBX,PACIFIC BAUXITE LTD,PBX,AUD
PCG,PENGANA CAPITAL GROUP LTD,PCG,AUD
PCH,PROPERTY CONNECT HOLDINGS,PCH,AUD
PCI,PERPETUAL CREDIT INCOME TRUS,PCI,AUD
PCK,PAINCHEK LTD,PCK,AUD
PCL,PANCONTINENTAL OIL &amp; GAS NL,PCL,AUD
PDI,PREDICTIVE DISCOVERY LTD,PDI,AUD
PDL,PENDAL GROUP LTD,PDL,AUD
PDN,PALADIN ENERGY LTD,PDN,AUD
PDZ,PRAIRIE MINING LTD,PDZ,AUD
PE1,PENGANA PRIVATE EQUITY TRUST,PE1,AUD
PEA,PACIFIC ENERGY LTD,PEA,AUD
PEC,PERPETUAL RESOURCES LTD,PEC,AUD
PEK,PEAK RESOURCES LTD,PEK,AUD
PEL,PELICAN RESOURCES LTD,PEL,AUD
PEN,PENINSULA ENERGY LTD,PEN,AUD
PET,PHOSLOCK ENVIRONMENTAL TECHN,PET,AUD
PEX,PEEL MINING LTD,PEX,AUD
PFG,PRIME FINANCIAL GROUP LTD,PFG,AUD
PFP,PROPEL FUNERAL PARTNERS LTD,PFP,AUD
PG1,PEARL GLOBAL LTD,PG1,AUD
PGC,PARAGON CARE LTD,PGC,AUD
PGF,PM CAPITAL GLOBAL OPPORTUNIT,PGF,AUD
PGG,PARTNERS GROUP GLB INCOME FD,PGG,AUD
PGH,PACT GROUP HOLDINGS LTD,PGH,AUD
PGI,PANTERRA GOLD LTD,PGI,AUD
PGL,PROSPA GROUP LTD,PGL,AUD
PGM,PLATINA RESOURCES LIMITED,PGM,AUD
PGR,THE PAS GROUP LTD,PGR,AUD
PGX,PRIMERO GROUP LTD,PGX,AUD
PGY,PILOT ENERGY LTD,PGY,AUD
PIA,PENGANA INTERNATIONAL EQUITI,PIA,AUD
PIC,PERPETUAL EQUITY INVESTMENT,PIC,AUD
PIL,PEPPERMINT INNOVATION LTD,PIL,AUD
PIN,PINCHME.COM INC-CDI,PIN,AUD
PIO,PIONEER RESOURCES LTD,PIO,AUD
PIQ,PROTEOMICS INTERNATIONAL LAB,PIQ,AUD
PIXX,PLATINUM INTERNATIONAL FUND,PIXX,AUD
PKA,PLUKKA LTD,PKA,AUD
PKD,PARKD LTD,PKD,AUD
PKO,PEAKO LTD,PKO,AUD
PKS,PKS HOLDINGS LTD,PKS,AUD
PL8,PLATO INCOME MAXIMISER LTD,PL8,AUD
PLC,PLC FINANCIAL SOLUTIONS LTD,PLC,AUD
PLL,PIEDMONT LITHIUM LTD,PLL,AUD
PLS,PILBARA MINERALS LTD,PLS,AUD
PLUS,VANECK VECTORS AUS CORP BOND,PLUS,AUD
PLX,PYROLYX AG-CDI,PLX,AUD
PM1,PURE MINERALS LTD,PM1,AUD
PM8,PENSANA METALS LTD,PM8,AUD
PMC,PLATINUM CAPITAL LIMITED,PMC,AUD
PME,PRO MEDICUS LIMITED,PME,AUD
PMV,PREMIER INVESTMENTS LIMITED,PMV,AUD
PMY,PACIFICO MINERALS LTD,PMY,AUD
PNC,PIONEER CREDIT LTD,PNC,AUD
PNI,PINNACLE INVESTMENT MANAGEME,PNI,AUD
PNL,PARINGA RESOURCES LTD,PNL,AUD
PNN,PEPINNINI LITHIUM LTD,PNN,AUD
PNR,PANTORO LTD,PNR,AUD
PNV,POLYNOVO LTD,PNV,AUD
PNW,PACIFIC STAR NETWORK LTD,PNW,AUD
PNX,PNX METALS LTD,PNX,AUD
PO3,PURIFLOH LTD,PO3,AUD
POD,PODIUM MINERALS LTD,POD,AUD
POS,POSEIDON NICKEL LTD,POS,AUD
POU,BETASHARES BRITISH POUND ETF,POU,AUD
POW,PROTEAN ENERGY LTD,POW,AUD
PPC,PEET LTD,PPC,AUD
PPE,PEOPLE INFRASTRUCTURE LTD,PPE,AUD
PPG,PRO-PAC PACKAGING LTD,PPG,AUD
PPH,PUSHPAY HOLDINGS LTD,PPH,AUD
PPK,PPK GROUP LTD,PPK,AUD
PPL,PUREPROFILE LTD,PPL,AUD
PPS,PRAEMIUM LTD,PPS,AUD
PPT,PERPETUAL LTD,PPT,AUD
PPY,PAPYRUS AUSTRALIA LTD,PPY,AUD
PRN,PERENTI GLOBAL LTD,PRN,AUD
PRO,PROPHECY INTERNATIONAL HLDGS,PRO,AUD
PRT,PRIME MEDIA GROUP LTD,PRT,AUD
PRU,PERSEUS MINING LTD,PRU,AUD
PRX,PRODIGY GOLD NL,PRX,AUD
PRZ,PARAZERO LTD,PRZ,AUD
PSA,PETSEC ENERGY LIMITED,PSA,AUD
PSC,PROSPECT RESOURCES LTD,PSC,AUD
PSI,PSC INSURANCE GROUP LTD,PSI,AUD
PSM,PENINSULA MINES LTD,PSM,AUD
PSQ,PACIFIC SMILES GROUP LTD,PSQ,AUD
PSZ,PS&amp;C LTD,PSZ,AUD
PTB,PTB GROUP LTD,PTB,AUD
PTL,PENTAL LTD,PTL,AUD
PTM,PLATINUM ASSET MANAGEMENT,PTM,AUD
PTR,PETRATHERM LTD,PTR,AUD
PTX,PRESCIENT THERAPEUTICS LTD,PTX,AUD
PUA,PURE ALUMINA LTD,PUA,AUD
PUR,PURSUIT MINERALS LTD,PUR,AUD
PVE,PO VALLEY ENERGY LTD,PVE,AUD
PVL,POWERHOUSE VENTURES LTD,PVL,AUD
PVS,PIVOTAL SYSTEMS CORP INC-CDI,PVS,AUD
PWG,PRIMEWEST GROUP LTD,PWG,AUD
PWH,PWR HOLDINGS LTD,PWH,AUD
PWL,POWERWRAP LTD,PWL,AUD
PWN,PARKWAY MINERALS NL,PWN,AUD
PXS,PHARMAXIS LTD,PXS,AUD
PXX,POLARX LTD,PXX,AUD
PYC,PHYLOGICA LTD,PYC,AUD
PYG,PAYGROUP LTD,PYG,AUD
QAG,BETASHARES AGRICULTURE,QAG,AUD
QAN,QANTAS AIRWAYS LIMITED,QAN,AUD
QAU,BETASHARES GOLD BULLION ETF,QAU,AUD
QBE,QBE INSURANCE GROUP LIMITED,QBE,AUD
QCB,BETASHARES COMMODITY,QCB,AUD
QEM,QEM LTD,QEM,AUD
QFE,QUICKFEE LTD,QFE,AUD
QFN,BETASHARES AU FINC SEC ETF,QFN,AUD
QFY,QUANTIFY TECHNOLOGY HOLDINGS,QFY,AUD
QGL,QUANTUM GRAPHITE LTD,QGL,AUD
QHAL,VAN VECT MSCI WRLD EX AU HGD,QHAL,AUD
QHL,QUICKSTEP HOLDINGS LIMITED,QHL,AUD
QIP,QANTM INTELLECTUAL PROPERTY,QIP,AUD
QLTY,BETASHARES GB QUAL LEADERS,QLTY,AUD
QMIX,SPDR MSCI WORLD QUALITY MIX,QMIX,AUD
QMS,QMS MEDIA LTD,QMS,AUD
QOZ,BETASHARES FTSE RAFI AU 200,QOZ,AUD
QPON,BETASHARES AUS BANK SENIOR F,QPON,AUD
QPR,QUATTRO PLUS REAL ESTATE,QPR,AUD
QRE,BETASHARES S&amp;P/ASX 200 RESOU,QRE,AUD
QRI,QUALITAS REAL ESTATE INCOME,QRI,AUD
QSS,QUESTUS LTD,QSS,AUD
QST,QUEST INVESTMENTS LIMITED,QST,AUD
QTG,Q TECHNOLOGY GROUP LTD,QTG,AUD
QTM,QUANTUM HEALTH GROUP LTD,QTM,AUD
QUAL,VAN VECT MSCI WORLD QUALITY,QUAL,AUD
QUB,QUBE HOLDINGS LTD,QUB,AUD
QUE,QUESTE COMMUNICATIONS LIMITED,QUE,AUD
QUS,BETASHARES FTSE RAFI US 1000,QUS,AUD
QVE,QV EQUITIES LTD,QVE,AUD
R3D,R3D GLOBAL LTD,R3D,AUD
RAC,RACE ONCOLOGY LTD,RAC,AUD
RAG,RAGNAR METALS LTD,RAG,AUD
RAN,RANGE INTERNATIONAL LTD,RAN,AUD
RAP,RESAPP HEALTH LTD,RAP,AUD
RARI,RUSSELL INVEST AUST RESPONSI,RARI,AUD
RBD,RESTAURANT BRANDS NZ LTD,RBD,AUD
RBL,REDBUBBLE LTD,RBL,AUD
RBR,RBR GROUP LTD,RBR,AUD
RBTZ,BETASHARES GB ROBOT N AI,RBTZ,AUD
RBX,RESOURCE BASE LTD,RBX,AUD
RCB,RUSSELL INVEST AUST SELECT C,RCB,AUD
RCE,RECCE PHARMACEUTICALS LTD,RCE,AUD
RCL,READCLOUD LTD,RCL,AUD
RCO,ROYALCO RESOURCES LTD,RCO,AUD
RCP,REDBANK COPPER LTD,RCP,AUD
RCT,REEF CASINO TRUST,RCT,AUD
RCW,RIGHTCROWD LTD,RCW,AUD
RD1,REGISTRY DIRECT LTD,RD1,AUD
RDC,REDCAPE HOTEL GROUP,RDC,AUD
RDF,REDFLEX HOLDINGS LIMITED,RDF,AUD
RDG,RESOURCE DEVELOPMENT GROUP L,RDG,AUD
RDH,REDHILL EDUCATION LTD,RDH,AUD
RDM,RED METAL LTD,RDM,AUD
RDN,RAIDEN RESOURCES LTD,RDN,AUD
RDS,REDSTONE RESOURCES LTD,RDS,AUD
RDV,RUSSELL INVEST HIGH DIV AUST,RDV,AUD
RDY,READYTECH HOLDINGS LTD,RDY,AUD
REA,REA GROUP LTD,REA,AUD
RED,RED 5 LTD,RED,AUD
REF,REVERSE CORP LTD,REF,AUD
REG,REGIS HEALTHCARE LTD,REG,AUD
REH,REECE LTD,REH,AUD
REIT,VAN VECT FTSE INTL PROP HD E,REIT,AUD
RENT,AMP CAP GLOBAL PROP SEC UNHE,RENT,AUD
RES,RESOURCE GENERATION LIMITED,RES,AUD
REV,REAL ESTATE INVESTAR GROUP L,REV,AUD
REX,REGIONAL EXPRESS HOLDINGS LT,REX,AUD
REY,REY RESOURCES LIMITED,REY,AUD
REZ,RESOURCES &amp; ENERGY GROUP LTD,REZ,AUD
RF1,REGAL INVESTMENT FUND,RF1,AUD
RFF,RURAL FUNDS GROUP,RFF,AUD
RFG,RETAIL FOOD GROUP LIMITED,RFG,AUD
RFN,REFFIND LTD,RFN,AUD
RFR,RAFAELLA RESOURCES LTD,RFR,AUD
RFT,RECTIFIER TECHNOLOGIES LTD,RFT,AUD
RFX,REDFLOW LTD,RFX,AUD
RGB,RUSSELL INVEST AUST GOVT BON,RGB,AUD
RGI,ROTO-GRO INTERNATIONAL LTD,RGI,AUD
RGL,RIVERSGOLD LTD,RGL,AUD
RGS,REGENEUS LTD,RGS,AUD
RHC,RAMSAY HEALTH CARE LIMITED,RHC,AUD
RHCPA,RAMSAY HEALTH CARE LTD CARES,RHCPA,AUD
RHI,RED HILL IRON LIMITED,RHI,AUD
RHP,RHIPE LTD,RHP,AUD
RHT,RESONANCE HEALTH LTD,RHT,AUD
RHY,RHYTHM BIOSCIENCES LTD,RHY,AUD
RIC,RIDLEY CORPORATION LIMITED,RIC,AUD
RIE,RIEDEL RESOURCES LTD,RIE,AUD
RIM,RIMFIRE PACIFIC MINING NL,RIM,AUD
RINC,BETAS LEGG MASON REAL INC FD,RINC,AUD
RIO,RIO TINTO LIMITED,RIO,AUD
RKN,RECKON LIMITED,RKN,AUD
RLC,REEDY LAGOON CORP LTD,RLC,AUD
RLE,REAL ENERGY CORP LTD,RLE,AUD
RLT,RENERGEN LTD-CDI,RLT,AUD
RMC,RESIMAC GROUP LTD,RMC,AUD
RMD,RESMED INC-CDI,RMD,AUD
RMG,RMG LIMITED,RMG,AUD
RMI,RESOURCE MINING CORP LTD,RMI,AUD
RMP,RED EMPEROR RESOURCES NL,RMP,AUD
RMS,RAMELIUS RESOURCES LTD,RMS,AUD
RMX,RED MOUNTAIN MINING LTD,RMX,AUD
RMY,RMA GLOBAL LTD,RMY,AUD
RND,RAND MINING LTD,RND,AUD
RNE,RENU ENERGY LTD,RNE,AUD
RNL,RISION LTD,RNL,AUD
RNO,RHINOMED LTD,RNO,AUD
RNT,RENT.COM.AU LTD,RNT,AUD
RNU,RENASCOR RESOURCES LTD,RNU,AUD
RNX,RENEGADE EXPLORATION LTD,RNX,AUD
RNY,RNY PROPERTY TRUST,RNY,AUD
ROBO,ETFS ROBO GLOBAL ROB &amp; AUTO,ROBO,AUD
ROG,RED SKY ENERGY LTD,ROG,AUD
ROO,ROOTS SUSTAINABLE AGRICU-CDI,ROO,AUD
RPG,RAPTIS GROUP LIMITED,RPG,AUD
RPM,RPM AUTOMOTIVE GROUP LTD,RPM,AUD
RRL,REGIS RESOURCES LTD,RRL,AUD
RRS,RANGE RESOURCES LIMITED,RRS,AUD
RSG,RESOLUTE MINING LIMITED,RSG,AUD
RSH,RESPIRI LTD,RSH,AUD
RSM,RUSSELL INVEST AUST SEMI-GOV,RSM,AUD
RTE,RETECH TECHNOLOGY CO LTD,RTE,AUD
RTG,RTG MINING INC-CDI,RTG,AUD
RTR,RUMBLE RESOURCES LTD,RTR,AUD
RUB,RUBICOR GROUP LTD,RUB,AUD
RUL,RPMGLOBAL HOLDINGS LTD,RUL,AUD
RVR,RED RIVER RESOURCES LTD,RVR,AUD
RVS,REVASUM INC-CDI,RVS,AUD
RWC,RELIANCE WORLDWIDE CORP LTD,RWC,AUD
RWD,REWARD MINERALS LTD,RWD,AUD
RXH,REWARDLE HOLDINGS LTD,RXH,AUD
RXL,ROX RESOURCES LTD,RXL,AUD
RXM,REX MINERALS LTD,RXM,AUD
RXP,RXP SERVICES LTD,RXP,AUD
RYD,RYDER CAPITAL LTD,RYD,AUD
RZI,RAIZ INVEST LTD,RZI,AUD
S2R,S2 RESOURCES LTD,S2R,AUD
S32,SOUTH32 LTD,S32,AUD
S66,STAR COMBO PHARMA LTD,S66,AUD
SAM,SIV ASSET MANAGEMENT LTD,SAM,AUD
SAN,SAGALIO ENERGY LTD,SAN,AUD
SAR,SARACEN MINERAL HOLDINGS LIMITED,SAR,AUD
SAS,SKY AND SPACE GLOBAL LTD,SAS,AUD
SAU,SOUTHERN GOLD LTD,SAU,AUD
SAVE,PINNACLE ASHARES GB DYN INC,SAVE,AUD
SBI,STERLING PLANTATIONS LTD,SBI,AUD
SBKHB,SUNCORP-METWAY LTD,SBKHB,AUD
SBKPA,SUNCORP METWAY LTD,SBKPA,AUD
SBM,ST BARBARA LTD,SBM,AUD
SBR,SABRE RESOURCES LIMITED,SBR,AUD
SBU,SIBURAN RESOURCES LTD,SBU,AUD
SBW,SHEKEL BRAINWEIGH LTD,SBW,AUD
SCG,SCENTRE GROUP,SCG,AUD
SCI,SILVER CITY MINERALS LTD,SCI,AUD
SCL,SCHROLE GROUP LTD,SCL,AUD
SCN,SCORPION MINERALS LTD,SCN,AUD
SCP,SHOPPING CENTRES AUSTRALASIA,SCP,AUD
SCT,SCOUT SECURITY LTD,SCT,AUD
SCU,STEMCELL UNITED LTD,SCU,AUD
SDA,SPEEDCAST INTERNATIONAL LTD,SDA,AUD
SDF,STEADFAST GROUP LTD,SDF,AUD
SDG,SUNLAND GROUP LIMITED,SDG,AUD
SDI,SDI LIMITED,SDI,AUD
SDL,SUNDANCE RESOURCES LTD,SDL,AUD
SDV,SCIDEV LTD,SDV,AUD
SDX,SIENNA CANCER DIAGNOSTICS LT,SDX,AUD
SE1,SENSERA LTD,SE1,AUD
SEA,SUNDANCE ENERGY AUSTRALIA LT,SEA,AUD
SEC,SPHERIA EMERGING CO LTD,SEC,AUD
SEI,SPECIALITY METALS INTERNATIO,SEI,AUD
SEK,SEEK LIMITED,SEK,AUD
SEN,SENETAS CORPORATION LIMITED,SEN,AUD
SEQ,SEQUOIA FINANCIAL GROUP LTD,SEQ,AUD
SER,STRATEGIC ENERGY RESOURCES,SER,AUD
SES,SECOS GROUP LTD,SES,AUD
SF1,STEMIFY LTD,SF1,AUD
SFC,SCHAFFER CORPORATION LIMITED,SFC,AUD
SFG,SEAFARMS GROUP LTD,SFG,AUD
SFL,SPRING FG LTD,SFL,AUD
SFM,SANTA FE MINERALS LTD,SFM,AUD
SFR,SANDFIRE RESOURCES NL,SFR,AUD
SFX,SHEFFIELD RESOURCES LTD,SFX,AUD
SFY,SPDR S&amp;P/ASX 50 FUND,SFY,AUD
SG1,SAGON RESOURCES LTD,SG1,AUD
SGC,SACGASCO LTD,SGC,AUD
SGF,SG FLEET GROUP LTD,SGF,AUD
SGH,SLATER &amp; GORDON LTD,SGH,AUD
SGI,STEALTH GLOBAL HOLDINGS LTD,SGI,AUD
SGLLV,RICEGROWERS LIMITED,SGLLV,AUD
SGM,SIMS METAL MANAGEMENT LTD,SGM,AUD
SGO,STREAM GROUP LTD,SGO,AUD
SGP,STOCKLAND,SGP,AUD
SGQ,ST GEORGE MINING LTD,SGQ,AUD
SGR,STAR ENTERTAINMENT GRP LTD/T,SGR,AUD
SGU,SUCCESS GLOBAL MEDIA LTD,SGU,AUD
SHE,STONEHORSE ENERGY LTD,SHE,AUD
SHH,SHREE MINERALS LTD,SHH,AUD
SHI,SHINE METALS LTD,SHI,AUD
SHJ,SHINE CORPORATE LTD,SHJ,AUD
SHK,STONE RESOURCES AUSTRALIA LT,SHK,AUD
SHL,SONIC HEALTHCARE LIMITED,SHL,AUD
SHM,SHRIRO HOLDINGS LTD,SHM,AUD
SHO,SPORTSHERO LTD,SHO,AUD
SHU,SHENHUA INTERNATIONAL LTD,SHU,AUD
SHV,SELECT HARVESTS LIMITED,SHV,AUD
SI6,SIX SIGMA METALS LTD,SI6,AUD
SIG,SIGMA HEALTHCARE LTD,SIG,AUD
SIH,SIHAYO GOLD LTD,SIH,AUD
SIL,SMILES INCLUSIVE LTD,SIL,AUD
SIO,SIMONDS GROUP LTD,SIO,AUD
SIQ,SMARTGROUP CORP LTD,SIQ,AUD
SIS,SIMBLE SOLUTIONS LTD,SIS,AUD
SIT,SITE GROUP INTERNATIONAL LTD,SIT,AUD
SIV,SILVER CHEF LTD,SIV,AUD
SIX,SPRINTEX LTD,SIX,AUD
SKC,SKY CITY ENTERTAINMENT GROUP,SKC,AUD
SKF,SKYFII LTD,SKF,AUD
SKI,SPARK INFRASTRUCTURE GROUP,SKI,AUD
SKN,SKIN ELEMENTS LTD,SKN,AUD
SKO,SERKO LTD,SKO,AUD
SKP,SKYLAND PETROLEUM GROUP-CDI,SKP,AUD
SKT,SKY NETWORK TELEVISION LTD,SKT,AUD
SKY,SKY METALS LTD,SKY,AUD
SL1,SYMBOL MINING LTD,SL1,AUD
SLC,SUPERLOOP LTD,SLC,AUD
SLF,SPDR S&amp;P/ASX 200 LISTED PROP,SLF,AUD
SLK,SEALINK TRAVEL GROUP LTD,SLK,AUD
SLM,SALMAT LTD,SLM,AUD
SLR,SILVER LAKE RESOURCES LTD,SLR,AUD
SLX,SILEX SYSTEMS LIMITED,SLX,AUD
SLZ,SULTAN RESOURCES LTD,SLZ,AUD
SM1,SYNLAIT MILK LTD,SM1,AUD
SM8,SMART MARINE SYSTEMS LTD,SM8,AUD
SMC,STRATEGIC MINERALS CORPORATION NL,SMC,AUD
SMD,SYNDICATED METALS LTD,SMD,AUD
SMG,SOON MINING LTD,SMG,AUD
SMI,SANTANA MINERALS LIMITED,SMI,AUD
SMLL,BETASHARES AUS SMALL COMP SE,SMLL,AUD
SMN,STRUCTURAL MONITORING-CDI,SMN,AUD
SMP,SMARTPAY HOLDINGS LTD,SMP,AUD
SMR,STANMORE COAL LTD,SMR,AUD
SMX,SECURITY MATTERS LTD,SMX,AUD
SNC,SANDON CAPITAL INVESTMENTS L,SNC,AUD
SND,SAUNDERS INTERNATIONAL LTD,SND,AUD
SNL,SUPPLY NETWORK LTD,SNL,AUD
SNS,SENSEN NETWORKS LTD,SNS,AUD
SNZ,SUMMERSET GROUP HOLDINGS LTD,SNZ,AUD
SO4,SALT LAKE POTASH LTD,SO4,AUD
SOL,WASHINGTON H. SOUL PATTINSON,SOL,AUD
SOM,SOMNOMED LTD,SOM,AUD
SOP,SYNERTEC CORP LTD,SOP,AUD
SOR,STRATEGIC ELEMENTS LTD,SOR,AUD
SP3,SPECTUR LTD,SP3,AUD
SPB,SOUTH PACIFIC RESOURCES LTD,SPB,AUD
SPK,SPARK NEW ZEALAND LTD,SPK,AUD
SPL,STARPHARMA HOLDINGS LTD,SPL,AUD
SPQ,SUPERIOR RESOURCES LTD,SPQ,AUD
SPT,SPLITIT PAYMENTS LTD,SPT,AUD
SPX,SPECTRUM METALS LTD,SPX,AUD
SPY,SPDR S&amp;P 500 ETF TRUS,SPY,AUD
SPZ,SMART PARKING LTD,SPZ,AUD
SRG,SRG GLOBAL LTD,SRG,AUD
SRH,SAFEROADS HOLDINGS LIMITED,SRH,AUD
SRI,SIPA RESOURCES LTD,SRI,AUD
SRK,STRIKE RESOURCES LTD,SRK,AUD
SRN,SUREFIRE RESOURCES NL,SRN,AUD
SRO,SHAREROOT LTD,SRO,AUD
SRV,SERVCORP LIMITED,SRV,AUD
SRY,STORY-I LTD,SRY,AUD
SRZ,STELLAR RESOURCES LTD,SRZ,AUD
SSG,SHAVER SHOP GROUP LTD,SSG,AUD
SSL,SIETEL LIMITED,SSL,AUD
SSM,SERVICE STREAM LTD,SSM,AUD
SSN,SAMSON OIL &amp; GAS LTD,SSN,AUD
SSO,SPDR S&amp;P/ASX SMALL ORD FUND,SSO,AUD
SST,STEAMSHIPS TRADING COMPANY,SST,AUD
ST1,SPIRIT TELECOM LTD,ST1,AUD
STA,STRANDLINE RESOURCES LTD,STA,AUD
STC,SINETECH LTD,STC,AUD
STG,STRAKER TRANSLATIONS LTD,STG,AUD
STL,STARGROUP LTD,STL,AUD
STM,SUNSTONE METALS LTD,STM,AUD
STN,SATURN METALS LTD,STN,AUD
STO,SANTOS LIMITED,STO,AUD
STW,SPDR S&amp;P/ASX 200 FUND,STW,AUD
STX,STRIKE ENERGY LTD,STX,AUD
SUBD,VANECK VECTORS AU SUB DEBT,SUBD,AUD
SUD,SUDA PHARMACEUTICALS LTD,SUD,AUD
SUH,SOUTHERN HEMISPHERE MINING,SUH,AUD
SUL,SUPER RETAIL GROUP LTD,SUL,AUD
SUM,SUMATRA COPPER &amp; GOLD-CDI,SUM,AUD
SUN,SUNCORP GROUP LTD,SUN,AUD
SUNPE,SUNCORP GROUP LTD - PUBLIC,SUNPE,AUD
SUNPF,SUNCORP GROUP LTD,SUNPF,AUD
SUNPG,SUNCORP GROUP LTD,SUNPG,AUD
SUP,SUPERIOR LAKE RESOURCES LTD,SUP,AUD
SUR,SUN RESOURCES NL,SUR,AUD
SVA,SIMAVITA LTD-CDI,SVA,AUD
SVD,SCANDIVANADIUM LTD,SVD,AUD
SVH,SILVER HERITAGE GROUP LTD,SVH,AUD
SVL,SILVER MINES LTD,SVL,AUD
SVM,SOVEREIGN METALS LTD,SVM,AUD
SVS,SUNVEST CORPORATION LIMITED,SVS,AUD
SVT,SERVTECH GLOBAL HOLDINGS LTD,SVT,AUD
SVW,SEVEN GROUP HOLDINGS LTD,SVW,AUD
SVWPA,SEVEN GROUP HOLDINGS CONV REDEEMABLE PFD,SVWPA,AUD
SVY,STAVELY MINERALS LTD,SVY,AUD
SW1,SWIFT MEDIA LTD,SW1,AUD
SWF,SELFWEALTH LTD,SWF,AUD
SWK,SWICK MINING SERVICES LTD,SWK,AUD
SWM,SEVEN WEST MEDIA LTD,SWM,AUD
SWTZ,SWITZER DIVIDEND GROWTH FD,SWTZ,AUD
SXA,STRATA-X ENERGY LTD-CDI,SXA,AUD
SXE,SOUTHERN CROSS ELECTRICAL,SXE,AUD
SXL,SOUTHERN CROSS MEDIA GROUP L,SXL,AUD
SXX,SOUTHERN CROSS EXPLORATION,SXX,AUD
SXY,SENEX ENERGY LTD,SXY,AUD
SYA,SAYONA MINING LTD,SYA,AUD
SYD,SYDNEY AIRPORT,SYD,AUD
SYI,SPDR MSCI AUS SELECT DVD,SYI,AUD
SYR,SYRAH RESOURCES LTD,SYR,AUD
SYS,SYNGAS LTD,SYS,AUD
SYT,SYNTONIC LTD,SYT,AUD
SZL,SEZZLE INC-CDI,SZL,AUD
T3D,333D LTD,T3D,AUD
TAH,TABCORP HOLDINGS LIMITED,TAH,AUD
TAM,TANAMI GOLD NL,TAM,AUD
TAO,TAO COMMODITIES LTD,TAO,AUD
TAP,TAP OIL LIMITED,TAP,AUD
TAR,TARUGA MINERALS LTD,TAR,AUD
TAS,TASMAN RESOURCES LTD,TAS,AUD
TBL,TAMBLA LTD,TBL,AUD
TBR,TRIBUNE RESOURCES LTD,TBR,AUD
TCL,TRANSURBAN GROUP,TCL,AUD
TCN,TECHNICHE LTD,TCN,AUD
TCO,TRANSMETRO CORPORATION LIMITED,TCO,AUD
TDI,360 CAPITAL DIGITAL INFRA FD,TDI,AUD
TDL,TBG DIAGNOSTICS LTD,TDL,AUD
TDO,3D OIL LTD,TDO,AUD
TECH,ETFS MORNINGSTAR GLOBAL TECH,TECH,AUD
TEG,TRIANGLE ENERGY GLOBAL LTD,TEG,AUD
TEK,THORNEY TECHNOLOGIES LTD,TEK,AUD
TER,TERRACOM LTD,TER,AUD
TEX,TARGET ENERGY LTD,TEX,AUD
TFL,TASFOODS LTD,TFL,AUD
TG8,SARAMANIS LTD,TG8,AUD
TGA,THORN GROUP LTD,TGA,AUD
TGF,TRIBECA GLOBAL NATURAL RESOU,TGF,AUD
TGG,TEMPLETON GLOBAL GROWTH FUND,TGG,AUD
TGM,THETA GOLD MINES LTD,TGM,AUD
TGN,TUNGSTEN MINING NL,TGN,AUD
TGO,TRIMANTIUM GROWTHOPS LTD,TGO,AUD
TGP,360 CAPITAL GROUP LTD,TGP,AUD
TGR,TASSAL GROUP LTD,TGR,AUD
TGS,TIGER RESOURCES LTD,TGS,AUD
THC,THC GLOBAL GROUP LTD,THC,AUD
THD,THRED LTD,THD,AUD
THR,THOR MINING PLC-CDI,THR,AUD
TIA,TIAN AN AUSTRALIA LTD,TIA,AUD
TIE,TIETTO MINERALS LTD,TIE,AUD
TIG,TIGERS REALM COAL LTD,TIG,AUD
TIH,TILLEGRAH LTD,TIH,AUD
TIN,TNT MINES LTD,TIN,AUD
TIP,TEAMINVEST PRIVATE GROUP LTD,TIP,AUD
TKF,TIKFORCE LTD,TKF,AUD
TKL,TRAKA RESOURCES LTD,TKL,AUD
TKM,TREK METALS LTD,TKM,AUD
TLG,TALGA RESOURCES LTD,TLG,AUD
TLM,TALISMAN MINING LTD,TLM,AUD
TLS,TELSTRA CORPORATION LIMITED.,TLS,AUD
TLX,TELIX PHARMACEUTICALS LTD,TLX,AUD
TMG,TRIGG MINING LTD,TMG,AUD
TMK,TAMASKA OIL &amp; GAS LTD,TMK,AUD
TML,TIMAH RESOURCES LTD,TML,AUD
TMR,TEMPUS RESOURCES LTD,TMR,AUD
TMT,TECHNOLOGY METALS AUSTRALIA,TMT,AUD
TMX,TERRAIN MINERALS LTD,TMX,AUD
TMZ,THOMSON RESOURCES LTD,TMZ,AUD
TNE,TECHNOLOGY ONE LIMITED,TNE,AUD
TNG,TNG LTD,TNG,AUD
TNK,THINK CHILDCARE LTD,TNK,AUD
TNP,TRIPLE ENERGY LTD,TNP,AUD
TNR,TORIAN RESOURCES LTD,TNR,AUD
TNT,TESSERENT LTD,TNT,AUD
TNY,TINYBEANS GROUP PTY LTD,TNY,AUD
TOE,TORO ENERGY LTD,TOE,AUD
TOM,TOMIZONE LTD,TOM,AUD
TON,TRITON MINERALS LTD,TON,AUD
TOP,THORNEY OPPORTUNITIES LTD,TOP,AUD
TOT,360 CAPITAL TOTAL RETURN FUN,TOT,AUD
TOU,TLOU ENERGY LTD,TOU,AUD
TPC,TPC CONSOLIDATED LTD,TPC,AUD
TPD,TALON PETROLEUM LTD,TPD,AUD
TPM,TPG TELECOM LTD,TPM,AUD
TPO,TIAN POH RESOURCES LTD,TPO,AUD
TPP,TEMPO AUSTRALIA LTD,TPP,AUD
TPS,THREAT PROTECT AUSTRALIA LTD,TPS,AUD
TPW,TEMPLE &amp; WEBSTER GROUP LTD,TPW,AUD
TRA,TURNERS AUTOMOTIVE GROUP LTD,TRA,AUD
TRL,TANGA RESOURCES LTD,TRL,AUD
TRM,TRUSCOTT MINING CORP LTD,TRM,AUD
TRS,REJECT SHOP LTD/THE,TRS,AUD
TRT,TODD RIVER RESOURCES LTD,TRT,AUD
TRY,TROY RESOURCES LTD,TRY,AUD
TSC,TWENTY SEVEN CO LTD,TSC,AUD
TSL,TITANIUM SANDS LTD,TSL,AUD
TTA,TTA HOLDINGS LTD,TTA,AUD
TTB,TOTAL BRAIN LTD,TTB,AUD
TTI,TRAFFIC TECHNOLOGIES LTD,TTI,AUD
TTL,TRANSCENDENCE TECHNOLOGIES L,TTL,AUD
TTM,TITAN MINERALS LTD,TTM,AUD
TTT,TITOMIC LTD,TTT,AUD
TV2,TV2U INTERNATIONAL LTD,TV2,AUD
TWD,TAMAWOOD LIMITED,TWD,AUD
TWE,TREASURY WINE ESTATES LTD,TWE,AUD
TWR,TOWER LTD,TWR,AUD
TYM,TYMLEZ GROUP LTD,TYM,AUD
TYX,TYRANNA RESOURCES LTD,TYX,AUD
TZL,TZ LTD,TZL,AUD
TZN,TERRAMIN AUSTRALIA LIMITED,TZN,AUD
UBA,UBS IQ MSCI AUST ETHICAL ETF,UBA,AUD
UBE,UBS IQ MSCI EUROPE ETHICAL,UBE,AUD
UBI,UNIVERSAL BIOSENSORS INC-CDI,UBI,AUD
UBJ,UBS IQ MSCI JAPAN ETHICAL ET,UBJ,AUD
UBN,URBANISE.COM LTD,UBN,AUD
UBP,UBS IQ MSCI ASIA APEX 50 ETH,UBP,AUD
UBU,UBS IQ MSCI USA ETHICAL ETF,UBU,AUD
UBW,UBS IQ MSCI WORLD EX-AUS ETH,UBW,AUD
UCM,USCOM LTD,UCM,AUD
UCW,UCW LTD,UCW,AUD
UMAX,BETASHARES S&amp;P 500 YIELD MAX,UMAX,AUD
UNL,UNITED NETWORKS LTD,UNL,AUD
UNV,UNIVERSAL COAL PLC - CDI,UNV,AUD
UOS,UNITED OVERSEAS AUSTRALIA,UOS,AUD
URB,URB INVESTMENTS LTD,URB,AUD
URF,US MASTERS RESIDENTIAL PROPE,URF,AUD
URFPA,US MASTERS RESIDENTIAL P,URFPA,AUD
URW,UNIBAIL-RODAMCO-WESTFIEL/CDI,URW,AUD
USD,BETASHARES US DOLLAR ETF,USD,AUD
UTR,ULTRACHARGE LTD,UTR,AUD
UUL,ULTIMA UNITED LTD,UUL,AUD
UUV,UUV AQUABOTIX LTD,UUV,AUD
UWL,UNITI GROUP LTD,UWL,AUD
VACF,VANGUARD AUST CORP FI INDEX,VACF,AUD
VAE,VANGUARD FTSE ASIA EX-JAP SH,VAE,AUD
VAF,VANGUARD AUST FI INTERST ETF,VAF,AUD
VAH,VIRGIN AUSTRALIA HOLDINGS LT,VAH,AUD
VAL,VALOR RESOURCES LTD,VAL,AUD
VAN,VANGO MINING LTD,VAN,AUD
VAP,VANGUARD AU PROP SEC IDX ETF,VAP,AUD
VAR,VARISCAN MINES LTD,VAR,AUD
VAS,VANGUARD AUST SHARES IDX ETF,VAS,AUD
VBLD,VANGUARD GLOBAL INFRA IN ETF,VBLD,AUD
VBND,VANGUARD GLB AGG BD IND(H)ET,VBND,AUD
VBS,VECTUS BIOSYSTEMS LTD,VBS,AUD
VCF,VANGUARD INTL CR SEC IN HEDG,VCF,AUD
VCX,VICINITY CENTRES,VCX,AUD
VDBA,VANGUARD DIVFY BAL IDX ETF,VDBA,AUD
VDCO,VANGUARD DIVFY CONS IDX ETF,VDCO,AUD
VDGR,VANGUARD DIVFY GRO IDX ETF,VDGR,AUD
VDHG,VANGUARD DIVFY HIGRO IDX ETF,VDHG,AUD
VEA,VIVA ENERGY GROUP LTD,VEA,AUD
VEC,VECTOR RESOURCES LTD,VEC,AUD
VEE,VEEM LTD,VEE,AUD
VEFI,VGD ETHIC CONS GB AGG BD I H,VEFI,AUD
VEN,VINTAGE ENERGY LTD,VEN,AUD
VEQ,VANGUARD FTSE EUROPE SHARES,VEQ,AUD
VESG,VGD ETHIC CONS INTL SH IDX,VESG,AUD
VEU,VANGUARD FTSE ALLW EX-US-CDI,VEU,AUD
VG1,VGI PARTNERS GLOBAL INVEST,VG1,AUD
VGAD,VANGUARD MSCI IND INTL SH HG,VGAD,AUD
VGB,VANGUARD AUS GOVT BD ETF,VGB,AUD
VGE,VANGUARD FTSE EMERG MKTS ETF,VGE,AUD
VGI,VGI PARTNERS LTD,VGI,AUD
VGL,VISTA GROUP INTERNATIONAL LT,VGL,AUD
VGMF,VANGUARD GLB MLT-FACT ACT,VGMF,AUD
VGS,VANGUARD MSCI IND INTL ETF,VGS,AUD
VHT,VOLPARA HEALTH TECHNOLOGIES,VHT,AUD
VHY,VANGUARD AUS HIGH YIELD,VHY,AUD
VIA,VIAGOLD CAPITAL LIMITED,VIA,AUD
VIC,VICTORY MINES LTD,VIC,AUD
VIF,VANGUARD INTL FI INDEX HEDGE,VIF,AUD
VIG,VICTOR GROUP HOLDINGS LTD,VIG,AUD
VII,VIETNAM INDUSTRIAL INV LTD,VII,AUD
VIP,VIP GLOVES LTD,VIP,AUD
VISM,VANGUARD MSCI INTL SML CO IX,VISM,AUD
VIV,VIVID TECHNOLOGY LTD,VIV,AUD
VKA,VIKING MINES LTD,VKA,AUD
VLC,VANGUARD MSCI AUS LARGE CO,VLC,AUD
VLS,VITA LIFE SCIENCES LTD,VLS,AUD
VLT,VAULT INTELLIGENCE LTD,VLT,AUD
VMC,VENUS METALS CORP LTD,VMC,AUD
VMCXE,VENUS METALS CORP -IN SPECIE,VMCXE,AUD
VMG,VDM GROUP LTD,VMG,AUD
VMIN,VANGUARD GLB MIN VOL ACT ETF,VMIN,AUD
VML,VITAL METALS LIMITED,VML,AUD
VMS,VENTURE MINERALS LTD,VMS,AUD
VMT,VMOTO LTD,VMT,AUD
VMX,VALMEC LTD,VMX,AUD
VMY,VIMY RESOURCES LTD,VMY,AUD
VN8,VONEX LTD,VN8,AUD
VOC,VOCUS GROUP LTD,VOC,AUD
VOL,VICTORY OFFICES LTD,VOL,AUD
VOR,VORTIV LTD,VOR,AUD
VP7,VELOCITY PROPERTY GROUP LTD,VP7,AUD
VPC,VPCL LTD,VPC,AUD
VPR,VOLT POWER GROUP LTD,VPR,AUD
VR8,VANADIUM RESOURCES LTD,VR8,AUD
VRC,VOLT RESOURCES LTD,VRC,AUD
VRI,VERILUMA LTD,VRI,AUD
VRL,VILLAGE ROADSHOW LIMITED,VRL,AUD
VRS,VERIS LTD,VRS,AUD
VRT,VIRTUS HEALTH LTD,VRT,AUD
VRX,VRX SILICA LTD,VRX,AUD
VSO,VANGUARD MSCI AUS SM CO ETF,VSO,AUD
VTG,VITA GROUP LTD,VTG,AUD
VTH,VITALHARVEST FREEHOLD TRUST,VTH,AUD
VTI,VISIONEERING TECH-CDI,VTI,AUD
VTS,VANGUARD TOTL ST MKT ETF-CDI,VTS,AUD
VVA,VIVA LEISURE LTD,VVA,AUD
VVLU,VANGUARD GLB VAL EQT ACT ETF,VVLU,AUD
VVR,VIVA ENERGY REIT,VVR,AUD
VXR,VENTUREX RESOURCES LTD,VXR,AUD
VYS,VYSARN LTD,VYS,AUD
WAA,WAM ACTIVE LTD,WAA,AUD
WAF,WEST AFRICAN RESOURCES LTD,WAF,AUD
WAM,WAM CAPITAL LIMITED,WAM,AUD
WAT,WATERCO LIMITED,WAT,AUD
WAX,WAM RESEARCH LTD,WAX,AUD
WBA,WEBSTER LIMITED,WBA,AUD
WBC,WESTPAC BANKING CORPORATION,WBC,AUD
WBCNB,WESTPAC BANKING CORP-NEW SH,WBCNB,AUD
WBCPE,WESTPAC BANKING CORP,WBCPE,AUD
WBCPF,WESTPAC BANKING CORP,WBCPF,AUD
WBCPG,WESTPAC BANKING CORP ,WBCPG,AUD
WBCPH,WESTPAC BANKING CORP - PUBLIC,WBCPH,AUD
WBCPI,WESTPAC BANKING,WBCPI,AUD
WBE,WHITEBARK ENERGY LTD,WBE,AUD
WBT,WEEBIT NANO LTD,WBT,AUD
WCMQ,WCM QUALITY GLOBAL GROWTH FD,WCMQ,AUD
WCN,WHITE CLIFF MINERALS LTD,WCN,AUD
WDIV,SPDR S&amp;P GLOBAL DIVIDEND FUN,WDIV,AUD
WDMF,ISHARES EDGE MSCI WLD MFACTR,WDMF,AUD
WEB,WEBJET LTD,WEB,AUD
WEC,WHITE ENERGY CO LTD,WEC,AUD
WEL,WINCHESTER ENERGY LTD,WEL,AUD
WEMG,SPDR S&amp;P EMERGING MARKETS FD,WEMG,AUD
WES,WESFARMERS LIMITED,WES,AUD
WFE,WINMAR RESOURCES LTD,WFE,AUD
WGB,WAM GLOBAL LTD,WGB,AUD
WGN,WAGNERS HOLDING CO LTD,WGN,AUD
WGNR,WAGNERS HOLDING CO LTD - RIGHTS,WGNR,AUD
WGO,WARREGO ENERGY LTD,WGO,AUD
WGX,WESTGOLD RESOURCES LTD,WGX,AUD
WHA,WATTLE HEALTH AUSTRALIA LTD,WHA,AUD
WHC,WHITEHAVEN COAL LTD,WHC,AUD
WHF,WHITEFIELD LIMITED,WHF,AUD
WHFPB,WHITEFIELD LIMITED,WHFPB,AUD
WHK,WHITEHAWK LTD,WHK,AUD
WIC,WESTOZ INVESTMENT CO LTD,WIC,AUD
WJA,WAMEJA LTD,WJA,AUD
WKT,WALKABOUT RESOURCES LTD,WKT,AUD
WLC,WOLLONGONG COAL LTD,WLC,AUD
WLD,WELLARD LTD,WLD,AUD
WLE,WAM LEADERS LTD,WLE,AUD
WLF,WOLF MINERALS LTD,WLFDC,AUD
WLL,WELLCOM GROUP LTD,WLL,AUD
WMI,WAM MICROCAP LTD,WMI,AUD
WML,WOOMERA MINING LTD,WML,AUD
WNB,WELLNESS AND BEAUTY SOLUTION,WNB,AUD
WND,WINDLAB LTD,WND,AUD
WNR,WINGARA AG LTD,WNR,AUD
WNS,WORLD.NET SERVICES LIMITED,WNS,AUD
WOA,WIDE OPEN AGRICULTURE LTD,WOA,AUD
WOR,WORLEY LTD,WOR,AUD
WOW,WOOLWORTHS GROUP LTD,WOW,AUD
WPG,WPG RESOURCES LTD,WPG,AUD
WPL,WOODSIDE PETROLEUM LIMITED,WPL,AUD
WPP,WPP AUNZ LTD,WPP,AUD
WQG,WCM GLOBAL GROWTH LTD,WQG,AUD
WRLD,BETASHARES MGD RISK GLB SHAR,WRLD,AUD
WRM,WHITE ROCK MINERALS LTD,WRM,AUD
WSA,WESTERN AREAS LTD,WSA,AUD
WSI,WESTSTAR INDUSTRIAL LTD,WSI,AUD
WSP,WHISPIR LTD,WSP,AUD
WTC,WISETECH GLOBAL LTD,WTC,AUD
WVOL,ISHARES EDGE MSCI WD MIN VOL,WVOL,AUD
WWG,WISEWAY GROUP LTD,WWG,AUD
WWI,WEST WITS MINING LTD,WWI,AUD
WXHG,SPDR S&amp;P WORLD EX AUS HEDGED,WXHG,AUD
WXOZ,SPDR S&amp;P WORLD EX AUSTRALIA,WXOZ,AUD
WZR,WISR LTD,WZR,AUD
XAM,XANADU MINES LTD,XAM,AUD
XARO,ACTIVEX ARDEA REAL OC BD MFD,XARO,AUD
XCD,XCD ENERGY LTD,XCD,AUD
XF1,XREF LTD,XF1,AUD
XINEAJ,NYOTA MINERALS LTD,XINEAJ,AUD
XPD,XPD SOCCER GEAR GROUP LTD,XPD,AUD
XPE,XPED LTD,XPE,AUD
XPL,XPLORE WEALTH LTD,XPL,AUD
XRF,XRF SCIENTIFIC LTD,XRF,AUD
XRO,XERO LTD,XRO,AUD
XST,XSTATE RESOURCES LTD,XST,AUD
XTD,XTD LTD,XTD,AUD
XTE,XTEK LIMITED,XTE,AUD
YAL,YANCOAL AUSTRALIA LTD,YAL,AUD
YANK,BETASHARES STRONG USD FUND,YANK,AUD
YBR,YELLOW BRICK ROAD HOLDINGS L,YBR,AUD
YMAX,BETASHARES AUS TOP 20 EQ YLD,YMAX,AUD
YOJ,YOJEE LTD,YOJ,AUD
YOW,YOWIE GROUP LTD,YOW,AUD
YPB,YPB GROUP LTD,YPB,AUD
YRL,YANDAL RESOURCES LTD,YRL,AUD
YTMAGL,XTB UNITS AGL,YTMAGL,AUD
YTMANZ,XTB UNITS ANZ,YTMANZ,AUD
YTMAP1,XTB UNITS AP1,YTMAP1,AUD
YTMAPA,XTB UNITS APA,YTMAPA,AUD
YTMAS2,THETA-ACBC AST 08-27,YTMAS2,AUD
YTMAST,XTB UNITS AST,YTMAST,AUD
YTMAZJ,XTB UNITS AZJ,YTMAZJ,AUD
YTMBH1,XTB UNITS BHP,YTMBH1,AUD
YTMBOQ,XTB UNITS BOQ,YTMBOQ,AUD
YTMCCA,XTB UNITS CCA,YTMCCA,AUD
YTMDO1,XTB UNITS DOW2,YTMDO1,AUD
YTMDX1,XTB UNITS DX1,YTMDX1,AUD
YTMDX2,XTB UNITS DX2,YTMDX2,AUD
YTMF03,XTB UNITS F03,YTMF03,AUD
YTMF07,XTB UNITS F07,YTMF07,AUD
YTMF08,XTB UNITS F08,YTMF08,AUD
YTMF09,XTB UNITS F09,YTMF09,AUD
YTMF10,XTB UNITS F10,YTMF10,AUD
YTMF11,XTB UNITS F11,YTMF11,AUD
YTMF13,XTB ANZ BBSW+1.00 MAR-22,YTMF13,AUD
YTMF14,XTB BOQ BBSW+1.02 NOV-2021,YTMF14,AUD
YTMF15,XTB NAB BBSW+0.8 FEB-2023,YTMF15,AUD
YTMF16,XTB WBC BBSW+0.81 OCT-2022,YTMF16,AUD
YTMF17,XTB AMP BBSW+1.35 MAY-21,YTMF17,AUD
YTMGP1,XTB UNITS GP1,YTMGP1,AUD
YTMLL1,XTB UNITS LL1,YTMLL1,AUD
YTMMG2,XTB UNITS MG2,YTMMG2,AUD
YTMMGR,XTB UNITS MGR,YTMMGR,AUD
YTMMQG,XTB UNITS MQG,YTMMQG,AUD
YTMNA1,XTB UNITS NA1,YTMNA1,AUD
YTMNAB,XTB UNITS NAB,YTMNAB,AUD
YTMNVN,XTB UNITS NVN,YTMNVN,AUD
YTMQF1,XTB UNITS QF1,YTMQF1,AUD
YTMQF2,XTB UNITS QF2,YTMQF2,AUD
YTMQF3,XTB UNITS QF3,YTMQF3,AUD
YTMSCG,XTB UNITS YTM,YTMSCG,AUD
YTMSG1,XTB UNITS SG1,YTMSG1,AUD
YTMSG2,XTB UNITS SG2,YTMSG2,AUD
YTMTCL,XTB UNITS TCL,YTMTCL,AUD
YTMTL1,XTB UNITS TL1,YTMTL1,AUD
YTMTL2,XTB UNITS TL2,YTMTL2,AUD
YTMTLS,XTB UNITS TLS,YTMTLS,AUD
YTMVC1,XTB UNITS VC1,YTMVC1,AUD
YTMVCX,XTB UNITS VCX,YTMVCX,AUD
YTMWB1,XTB UNITS WB1,YTMWB1,AUD
YTMWBC,XTB UNITS WBC,YTMWBC,AUD
YTMWE1,XTB UNITS WE1,YTMWE1,AUD
Z1P,ZIP CO LTD,Z1P,AUD
Z3RO,PINNACLE ASHARES DYN CASH FD,Z3RO,AUD
ZEL,Z ENERGY LTD,ZEL,AUD
ZEN,ZENITH ENERGY LTD/AU,ZEN,AUD
ZER,ZETA RESOURCES LTD,ZER,AUD
ZEU,ZEUS RESOURCES LTD,ZEU,AUD
ZGL,ZICOM GROUP LTD,ZGL,AUD
ZIM,ZIMPLATS HOLDINGS LTD,ZIM,AUD
ZIP,ZIPTEL LTD,ZIP,AUD
ZLD,ZELDA THERAPEUTICS LTD,ZLD,AUD
ZMI,ZINC OF IRELAND NL.,ZMI,AUD
ZNC,ZENITH MINERALS LTD,ZNC,AUD
ZNO,ZOONO GROUP LTD,ZNO,AUD
ZTA,ZETA PETROLEUM PLC-CDI,ZTA,AUD
ZUSD,ETFS ENHANCED USD CASH ETF,ZUSD,AUD
ZYAU,ETFS S&amp;P/ASX300 HIGH YIELD P,ZYAU,AUD
ZYB,ZYBER HOLDINGS LTD,ZYB,AUD
ZYUS,ETFS S&amp;P500 HIGH YIELD LOW V,ZYUS,AUD
