100GBAGBP,UBS ETF FTSE 100,100GPz,GBP
AAM,ANGLO AMERICAN PLC,AAMz,CHF
ACGUKD,UBS ETF MSCI ACWI H. GBP UKD,ACGUKz,GBP
ACWI,SPDR ACWI,ACWIz,CHF
ACWIE,UBS ETF MSCI ACWI H. EUR,ACWIEz,EUR
ACWIS,UBS ETF MSCI ACWI H. CHF,ACWISz,CHF
ACWIU,UBS ETF MSCI ACWI H. USD,ACWIUz,USD
AFIN,AMUNDI EURO CORPORATE FI ETF,AFINz,EUR
AMS,AMS AG,AMSz,CHF
ASRUSA,UBS ETF MSCI USA SRI UCITS,ASRUUz,USD
AUCHAH,UBS ETF GOLD H. CHF,AUCHAz,CHF
AUCO,L&amp;G GOLD MINING UCITS ETF,AUCOz,CHF
AUEM,AMUNDI MSCI EMERGING MAR,AUEMz,USD
AUEUAH,UBS ETF GOLD H. EUR,AUEUAz,EUR
AUHCHA,UBS ETF AUSTRALIA H. CHF A,AUHCHz,CHF
AUHEUA,UBS ETF AUSTRALIA H. EUR A,AUHEUz,EUR
AUHGBA,UBS ETF AUSTRALIA H. GBP A,AUHGBz,GBP
AUHGBD,UBS ETF AUSTRALIA H. GBP D,AUHGDz,GBP
AUHUSA,UBS ETF AUSTRALIA H. USD A,AUHUSz,USD
AUSAUW,UBS ETF MSCI AUSTRALIA,AUSCHz,CHF
AUUSIUSD,UBS ETF GOLD,AUUSIz,USD
BRE,LYXOR STX600 BASIC RSRCES,LYBREz,EUR
BRZ,AMUNDI MSCI BRAZIL,BRZz,USD
BUYB,INVESCO GLOB BUYBACK ACHIEVE,BUYBz,USD
C002,COMSTAGE ETF DAX FR,CBFDXz,EUR
C005,COMSTAGE ETF SDAX TR,CBSDEz,EUR
C050,COMSTAGE ETF DJ EUR STO 50-I,CBSX5z,EUR
C062,COMSTAGE ETF DJ ST 600 BKS-I,CBBAKz,EUR
C076,COMSTAGE ETF DJ ST TEC 600-I,CBTE6z,EUR
C2MV,OSSIAM ETF EUROPE MIN VAR-2C,C2MVz,EUR
C40,AMUNDI CAC 40 UCITS ETF,C40z,EUR
C6E,AMUNDI STOXX EUROPE 600,C6Ez,EUR
CAHEUA,UBS ETF MSCI CANADA H. EUR,CAHEUz,EUR
CAHGBA,UBS ETF MSCI CANADA H. GBP,CHGBAz,GBP
CAHGBD,UBS ETF MSCI CANADA H. GBP,CHGBDz,GBP
CAT,CATERPILLAR INC,CATz,CHF
CB10YSUSD,CMSTG 10Y US TRY FTR SH TR,CB10Yz,USD
CBATX,COMSTAGE ETF ATX,CBATXz,CHF
CBAUTO,COMSTAGE ETF DJ ST 600 A&amp;P-I,CBAUTz,CHF
CBBANK,COMSTAGE ETF DJ ST 600 BKS-I,CBBANz,CHF
CBBASI,COMSTAGE ETF DJ ST 600 B&amp;R I,CBBASz,CHF
CBBF,COMSTAGE ETF BOND FUTURE TR,CBBFz,CHF
CBBFDS,COMSTAGE BUND FUTURE 2X SHRT,CBBFDz,CHF
CBBFL,COMSTAGE BUND FUT LEVERAGED,CBBFLz,CHF
CBBFS,COMSTAGE BUND-FUTURE LEVERAG,CBBFSz,CHF
CBCH30,COMSTAGE DOW JONES SWITZERLA,CBCH3z,CHF
CBCHEM,COMSTGE ETF DJ ST 600 CHEM-I,CBCHEz,CHF
CBCOMM,COMSTAGE ETF COM X-AGRI TR-I,CBCOZz,CHF
CBCONS,COMSTAGE ETF DJ ST 600 C&amp;M-I,CBCONz,CHF
CBDAX,COMSTAGE ETF DAX TR-I,CBDAZz,CHF
CBDAXS,COMSTAGE ETF SHORTDAX TR,CBDSZz,CHF
CBDDAX,COMSTAGE ETF DIVDAX TR,CBDDAz,CHF
CBDJI,COMSTAGE ETF DJ INDUS AVG,CBDJIz,CHF
CBEONI,COMSTAGE ETF EONIA,CBEONz,CHF
CBEU5S,UBS ETF B.EU.AR.LIQ.C.1-5CHF,CBE5Sz,CHF
CBEU5U,UBS ETF B. EUR AR.LIQ.C. 1-5,CBE5Uz,USD
CBEU6,COMSTAGE ETF DJ ST 600 TR-I,CBEU6z,CHF
CBEUMC,COMSTAGE ETF MSCI EUR M/C-I,CBEMZz,CHF
CBFAZ,COMSTAGE ETF F.A.Z. INDEX,CBFAZz,CHF
CBFDAX,COMSTAGE ETF DAX FR,CBFDAz,CHF
CBFEDF,COMSTAGE ETF FED FND EFF RT,CBFEZz,CHF
CBFIN,COMSTAGE STOXX EURP600 F/S-I,CBFINz,CHF
CBFOOD,COMSTAGE ETF DJ ST 600 F&amp;B-I,CBFOOz,CHF
CBGB10,COMSTAGE ETF FTSE 100 TR,CBGBZz,CHF
CBGB10GBP,COMSTAGE ETF FTSE 100 TR,CBGBPz,GBP
CBGOLD,COMSTAGE ETF GOLD BUGS,CBGOZz,CHF
CBGOOD,CMSTG ETF DJ ST 600 IN G&amp;S-I,CBGOOz,CHF
CBHECA,COMSTAGE ETF DJ ST 600 H/C-I,CBHECz,CHF
CBHOUS,COMSTAGE ETF DJ STOXX 600 RE,CBHOUz,CHF
CBHSCE,COMSTAGE ETF HSCI,CBHEZz,CHF
CBHSI,COMSTAGE ETF HSI,CBHSZz,CHF
CBINS,COMSTAGE ETF DJ ST 600 INS-I,CBINSz,CHF
CBMEE,COMSTAGE MSCI EM EUR EX RUSS,CBMEZz,CHF
CBMEM,COMSTAGE ETF MSCI EMR MKTS,CBMMZz,CHF
CBMEMUSD,COMSTAGE ETF MSCI EMR MKTS,CBMMUz,USD
CBMEUR,COMSTAGE ETF MSCI EUROPE-I,CBMRZz,CHF
CBMJ,COMSTAGE ETF MSCI JAPAN-I,CBMJZz,CHF
CBMNA,COMSTAGE ETF MSCI NRTH AM-I,CBMNZz,CHF
CBMP,COMSTAGE ETF MSCI PACIFIC-I,CBMBZz,CHF
CBMPJ,COMSTAGE ETF MSCI PAC X-JP-I,CBMPZz,CHF
CBMPUSD,COMSTAGE ETF MSCI PACIFIC-I,CBMBUz,USD
CBMWOR,COMSTAGE ETF MSCI WORLD-I,CBMWZz,CHF
CBNDX,COMSTAGE ETF NASDAQ-100,CBNDZz,CHF
CBNDXUSD,COMSTAGE ETF NASDAQ-100,CBNDUz,USD
CBNKY,COMSTAGE ETF NIKKEI 225,CBNKZz,CHF
CBOIL,COMSTAGE ETF DJ ST 600 O&amp;G-I,CBOILz,CHF
CBPERS,COMSTAGE ETF DJ ST 600 P&amp;H-I,CBPERz,CHF
CBRETA,COMSTAGE ETF DJ ST 600 RET-I,CBRETz,CHF
CBRUS,COMSTAGE ETF DJ RUSSIA GDR,CBRUZz,CHF
CBSDAX,COMSTAGE ETF SDAX TR,CBSDAz,CHF
CBSDIV,CMSTGE ETF DJ EU ST S/D 30-I,CBSDIz,CHF
CBSMIT,COMSTAGE S&amp;P SMIT 40 INDEX,CBSMIz,CHF
CBSP50,COMSTAGE ETF S&amp;P 500,CBSPZz,CHF
CBSPI,COMSTAGE ETF SPI TR,CBSPIz,CHF
CBSUSE,UBS ETF BM US LIQ. C. SUST.,CSUSEz,EUR
CBSUST,UBS ETF BM US LIQ. C. SUST.,CBSUTz,CHF
CBSX5E,COMSTAGE ETF DJ EUR STO 50-I,CBSEZz,CHF
CBSX5F,COMSTAGE ETF EURO STOXX 50 F,CBSXZz,CHF
CBSX5L,COMSTAGE DJ EU STOXX 50 LV-I,CBSLZz,CHF
CBSX5S,COMSTAGE DJ EU STOXX 50 SH-I,CBSSZz,CHF
CBTAI,COMSTAGE ETF MSCI TAIWAN-I,CBTAZz,CHF
CBTECH,COMSTAGE ETF DJ ST TEC 600-I,CBTECz,CHF
CBTELE,COMSTAGE ETF DJ ST 600 TEL-I,CBTELz,CHF
CBTRAV,COMSTAGE ETF DJ ST 600 T&amp;L-I,CBTRAz,CHF
CBTV,COMSTAGE ETF DJ ST 600 MED-I,CBTVz,CHF
CBUS,UBS ETF BAR. US LIQ. CORP.,CBUSDz,USD
CBUS5S,UBS ETF US L. C. H. CHF 1-5,CBUS5z,CHF
CBUSA,COMSTAGE ETF MSCI USA-I,CBUSAz,CHF
CBUSAM,COMSTAGE ETF S&amp;P MIDCAP 400,CBUMZz,CHF
CBUSAS,COMSTAGE ETF S&amp;P S/C 600,CBUAZz,CHF
CBUSAUSD,COMSTAGE ETF MSCI USA-I,CBUAUz,USD
CBUSIH,UBSETF US LIQU CORP INTR HD,CBUSIz,USD
CBUSS,UBS ETF B. US LQ. C. H. CHF,CBUSSz,CHF
CBUTIL,COMSTAGE ETF DJ ST 600 UTI-I,CBUTIz,CHF
CC1USD,AMUNDI MSCI CHINA,CC1USz,USD
CCCHA,UBS ETF CMCI COMPOS. H. CHF,CCCHAz,CHF
CCEUA,UBS ETF CMCI COMPOS. H. EUR,CCEUAz,EUR
CCUSAS,UBS ETF CMCI COMPOS. USD,CCUSAz,USD
CCXAE,UBS ETF CMCI EX AGRI EUR,CCXAEz,EUR
CE9USD,AMUNDI MSCI EE XR-USD,CE9USz,USD
CEC,LYXOR MSCI EAST EU EX RUSSIA,LYCECz,EUR
CHCORP,ISHARES CORE CHF CORP BD CH,CHCORz,CHF
CHDVD,ISHARES SWISS DIVIDEND CH,CHDVDz,CHF
CHNA,CSOP SOURCE FTSE CHINA A50 U,CHNAz,USD
CHSPI,ISHARES CORE SPI CH,CHSPIz,CHF
CI2USD,AMUNDI MSCI INDIA,CI2USz,USD
CMEUSC,COMSTAGE ETF MSCI EUR S/C-I,CMEUZz,CHF
CNB,LYXOR EUR CORPBOND EX FINC,LYCNBz,EUR
CNYA,ISHARES MSCI CHINA A,CNYAz,USD
COMF,L&amp;G LONG DATED ALL COMMOD,COMFz,CHF
COPN,COSMO PHARMACEUTICALS NV,COPNz,CHF
CORP,ISHARES GLOBAL CORP,CORPz,USD
CRAU,LYXOR COM THR/CORCM CRS EX-A,CRAUz,USD
CRP,LYXOR EUR CORP BOND,LYCRPz,EUR
CRPU,ISHARES GLB CORP USD-H ACC,CRPUz,USD
CS9,AMUNDI MSCI EUROPE EX SW ETF,CS9z,EUR
CSBGC0,ISHARES SWISS DOM GOVT 7-15,CSB0Zz,CHF
CSBGC3,ISHARES SBIDG 1-3 CH,CSB3Zz,CHF
CSBGC7,ISHARES SBIDG 3-7 CH,CSB7Zz,CHF
CSBGE0,ISHARES EURO GOVT BOND 7-10Y,CSBGEz,EUR
CSBGE3,ISHARES EURO GOVT BOND 1-3Y,CSBG3z,EUR
CSBGE7,ISHARES EUR GOVT 3-7Y ACC,CSBE7z,EUR
CSBGU0,ISHARES USD TRES BOND 7-10Y,CSBG0z,USD
CSBGU3,ISHARES TRSY 1-3YR USD ACC B,CSBGUz,USD
CSBGU7,ISHARES USD TREASURY 3-7YR,CSBG7z,USD
CSEMAS,ISHARES MSCI EM ASIA ACC,CSEMAz,USD
CSEMU,ISHARES CORE MSCI EMU EUR A,CSEMZz,EUR
CSEMUS,ISHARES MSCI EMU SML-C ACC,CSEMSz,EUR
CSGLDC,ISHARES GOLD CHF HDG CH,CSGLDz,CHF
CSGLDE,ISHARES GOLD EUR HDG ETF CH,CSGLEz,EUR
CSGOLD,ISHARES GOLD ETF CH,CSGOLz,USD
CSINDU,ISHARES DOW JONES INDUS AVRG,CSINDz,USD
CSKR,ISHARES MSCI KOREA USD ACC,CSKRz,USD
CSMIB,ISHARES FTSE MIB ACC,CSMIBz,EUR
CSMXCP,ISHARES MSCI MEX CAPPED USD,CSMXCz,USD
CSNDX,ISHARES NASDAQ 100 USD ACC,CSNDXz,USD
CSNKY,ISHARES NIKKEI 225 JPY ACC,CSNKYz,JPY
CSPXJ,ISHARES CORE MSCI PACIF X-JP,CSPXJz,USD
CSRU,ISHARES MSCI RUSSIA ADR/GDR,CSRUz,USD
CSSLI,ISHARES SLI ETF CH,CSSLIz,CHF
CSSMI,ISHARES SMI ETF CH,CSSMIz,CHF
CSSMIM,ISHARES SMIM ETF CH,CSSMZz,CHF
CSSPX,ISHARES CORE S&amp;P 500,CSSPXz,USD
CSSX5E,ISHARES CORE EURO STOXX 50,CSSX5z,EUR
CSUK,ISHARES MSCI UK GBP ACC,CSUKz,GBP
CSUKS,ISHARES MSCI UK SML CAP ACC,CSUKSz,GBP
CSUKX,ISHARES CORE FTSE 100 ACC,CSUKXz,GBP
CSUS,ISHARES MSCI USA USD ACC,CSUSz,USD
CSUSS,ISHARES MSCI US SML CAP ACC,CSUSSz,USD
CU2U,AMUNDI MSCI USA-USD,CU2USz,USD
CW8USD,AMUNDI MSCI WORLD UCITS-USD,CW8USz,USD
CWEUSD,AMUNDI INDEX SOLUTIONS - MSC,CWEUSz,USD
CWFUSD,AMUNDI MSCI WRLD FIN S,CWFUSz,USD
D5BB,X GERMANY GOV BOND 1D,XBTRz,EUR
DAN,DANONE,DANz,CHF
DAXEX,ISHARES CORE DAX UCITS ETF D,DAXEXz,CHF
DBRC,ISHARES BRIC 50,BRICz,USD
DBXA,X MSCI EUROPE 1C,XMEUz,EUR
DBXH,X GLBAL INFLTION LNKD 1C EUR,XGINz,EUR
DBXM,X ITRAXX CROSSOVER SWAP,XTXCz,EUR
DCCHAS,UBS ETF BBG COMMODITY H. CHF,DCCHAz,CHF
DCEUAS,UBS ETF BBG COMMODITY H. EUR,DCEUAz,EUR
DCGBAS,UBS ETF BBG COMMODITY H. GBP,DCGBAz,GBP
DCUSAS,UBS ETF BBG COMMODITY USD,DCUSAz,USD
DEMV,OSSIAM ETF EMERGING MARKETS,DEMVz,USD
DGTL,ISHARES DIGITALISATION,DGTLz,USD
DISW,LYXOR MSCI WORLD CONS DISCR,LYCODz,USD
DJMC,ISHARES EURO STOXX MID CAP,DJMCz,CHF
DJSC,ISHARES EURO STOXX SMALL CAP,DJSCz,CHF
DLTM,ISHARES MSCI EM LATAM,LTAMz,USD
DNRG,ISHARES GLOBAL CLEAN ENERGY,INRGz,USD
DXSU,X USD EM BOND EUR,XEMBz,EUR
E50EUA,UBS ETF EURO STOXX 50,E50EZz,CHF
E50EUAEUR,UBS ETF EURO STOXX 50,E50EUz,EUR
EAGG,SPDR BBG EURO AGGREGATE,EAGGz,CHF
EFIE,INVESCO GS EQ FACTOR EUROPE,EFIEz,EUR
EGUSAS,UBS ETF MSCI EMERG. MARK.,EGUSAz,USD
EIMI,ISHARES CORE EM IMI ACC,EIMIz,USD
ELOVD,UBS ETF FACTOR EMU LOW VOLTL,ELOVDz,CHF
ELOVH,UBSETF FACTOR EMU LV H GBP D,ELOVHz,GBP
ELOVU,UBSETF FACTOR EMU LV H USD A,ELOVUz,USD
ELOW,SPDR EURO STOXX LOW VOL ETF,ELOWz,CHF
EMAS,SPDR EM ASIA,EMASz,CHF
EMBE,ISHARES JPM USD EM BND EUR-H,EMBEz,EUR
EMCR,ISHARES JPM USD EM CORP BND,EMCRz,CHF
EMDL,SPDR BBG BARC EM LOCAL BND,EMDLz,CHF
EMDV,SPDR EMER DIVIDEND UCITS ETF,EMDVz,CHF
EMLC,VANECK JPM EM LOC CUR BD ETF,EMLCz,CHF
EMLI,PIMCO EMERGING MARKETS ADVAN,EMLIz,USD
EMLV,ISHARES EDGE MSCI EM MIN VOL,EMLVz,CHF
EMMUSA,UBS ETF MSCI EMERG. MARKETS,EMMUZz,CHF
EMMUSAUSD,UBS ETF MSCI EMERG. MARKETS,EMMUUz,USD
EMMV,OSSIAM ETF EMERGING MARKETS,EMMVz,EUR
EMRG,SPDR EMERGING MARKETS,EMRGz,CHF
EMUAA,UBS ETF MSCI EMU A ACC,EMUAAz,EUR
EMUEUA,UBS ETF MSCI EMU UCITS ETF,EMUEUz,CHF
EMUL,ISHARES MSCI EMU LARGE CAP,EMULz,EUR
EMUM,ISHARES MSCI EMU MID CAP,EMUMz,EUR
EMUU,ISHARES MSCI EMU USD-H ACC,EMUUz,USD
EMUUKD,UBS ETF MSCI EMU UKD,EMUUKz,EUR
EMVEUA,UBS ETF MSCI EMU VALUE,EMVEUz,EUR
EPH,EASTERN PROPERTY HOLDING-REG,EPHz,USD
EPVLD,UBS ETF FACTOR EMU PRIM VAL,EPVLDz,CHF
EPVLH,UBSETF FACTOR EMU PV H GBP D,EPVLHz,GBP
EQLTD,UBS ETF FACTOR EMU QUALITY,EQLTDz,CHF
EQLTH,UBSETF FACTOR EMU QU H GBP D,EQLTHz,GBP
EQQQ1,INVESCO NASDAQ-100 DIST,EQQQz,USD
ESD,BNP P S&amp;P 500 UCITS ETF,ESDz,USD
ESDD,BNP P S&amp;P 500 UCITS ETF,ESDDz,USD
ESE,BNP P S&amp;P 500 UCITS ETF,ESEz,EUR
ESEH,BNP P S&amp;P 500 UCITS ETF,ESEHz,EUR
ESREUA,UBS ETF MSCI EMU SRI,ESREUz,CHF
ETBB,BNP P EURO STOXX 50 UCITS,ETBBz,EUR
ETDD,BNP P EURO STOXX 50 UCITS,ETDDz,EUR
ETSYD,UBS ETF FACTOR EMU TOT SHYLD,ETSYDz,CHF
ETSYDEUR,UBS ETF FACTOR EMU TOT SHYLD,ETOTSz,EUR
ETSYH,UBSETF FACTOR EMU TSY H GBPD,ETSYHz,GBP
ETSYU,UBSETF FACTOR EMU TSY H USDA,ETSYUz,USD
ETZ,BNP P STOXX EUROPE 600 ETF,ETZz,EUR
ETZD,BNP P STOXX EUROPE 600 ETF,ETZDz,EUR
EUCHBH,UBS ETF MSCI EMU H. CHF,EUCHBz,CHF
EUCO,SPDR BBG EURO CORPORATE,EUCOz,CHF
EUDV,SPDR EUR DIV ARISTOCRATS,EUDVz,CHF
EUGBPA,UBS ETF MSCI EMU H.GBP A ACC,EUGBHz,GBP
EUGBPD,UBS ETF MSCI EMU H.GBP A DIS,EUGBPz,GBP
EUN,ISHARES STOXX EUROPE 50,EUNz,CHF
EUNE,ISHARES CORE EURO STOXX 50,EUNEz,CHF
EUREUA,UBS ETF MSCI EUROPE,EUREAz,EUR
EURO,SPDR MSCI EMU,EUROz,CHF
EUUSAH,UBS ETF MSCI EMU H. USD,EUUSAz,USD
EUUSBH,UBS ETF MSCI EMU H. USD,EUUSBz,USD
EXFN,ISHARES EURO STOXX 50 EX-FIN,EXFNz,CHF
EXH2,ISHR EUR600 FIN SERVICES DE,SXFPEz,EUR
EXH4,ISHR EUR600 IND GDS&amp;SERV(DE),SXNPEz,EUR
EXH7,ISHR EUR600 PERSNL&amp;HOUSE DE,SXQPEz,EUR
EXSA,ISHARES STOXX EUROPE 600 DE,SXPIEz,EUR
EXSB,ISHARES DIVDAX UCITS ETF DE,EXSBz,CHF
EXV9,ISHR EUR 600 TRAVEL&amp;LEIS DE,SXTPEz,EUR
EXW3,ISHARES STOXX EUROPE 50 DE,DJSXPz,EUR
EXX1,ISHARES EURO STOXX BANKS 30-,SX7EEz,EUR
EXXV,ISHR DJEUR SUSTAINABILITY DE,SUBEEz,EUR
FINW,LYXOR MSCI WORLD FINANC,LYFINz,USD
FLOS,ISH USD FLOAT BOND GBP-H DIS,FLOSz,GBP
FLOT,ISHARES USD FLOATING USD DIS,FLOTz,USD
FXC,ISHARES CHINA LARGE CAP,FXCz,USD
GBRE,SPDR GLOBAL REAL ESTATE,GBREz,CHF
GCVB,SPDR GLOBAL CONVERTIBLE DIST,GCVBz,CHF
GDX,VANECK GOLD MINERS ETF,GDXz,CHF
GDXJ,VANECK JR. GOLD MINERS ETF,GDXJz,CHF
GE,GENERAL ELECTRIC CO,GEz,CHF
GGMUSY,UBS ETF SOL. GL. PURE GOLD,GGMUSz,CHF
GGMUSYUSD,UBS ETF SOL. GL. PURE GOLD,GGMUUz,USD
GHYC,ISHARES GLB HY CORP BD CHF-H,GHYCz,CHF
GLDV,SPDR GLOBAL DIV ARISTOCRATS,GLDVz,CHF
GLUX,AMUNDI S&amp;P GLOBAL LUXURY,GLUXz,EUR
GOB,COMPAGNIE DE SAINT-GOBAIN,GOBz,CHF
GOLI,GOLD FIELDS LTD,GOLIz,CHF
GOVY,SPDR BBG EURO GOVERNMENT,GOVYz,CHF
GSCID,S&amp;P GSCI THEAM EASY UCITSETF,GSCIDz,USD
HEAL,ISHR HEALTHCARE INNOVATION,HEALz,USD
HFCHAS,UBS ETF HFRX GL. HF H. CHF,HFCHAz,CHF
HFGBAS,UBS ETF HFRX GL. HF H. GBP,HFGBAz,GBP
HFUSAS,UBS ETF HFRX GL. HF USD,HFUSAz,USD
HIDD,HSBC MSCI INDONESIA UCITS ET,HIDRz,USD
HKDU,UBS ETF MSCI HONG KONG,HKDUz,USD
HKOD,HSBC MSCI KOREA UCITS ETF,HKORz,USD
HLTW,LYXOR MSCI WRD HEALTH C ETF,LYHLTz,USD
HMAD,HSBC MSCI AC FAR EAST EX JAP,HMAFz,USD
HMCD,HSBC MSCI CHINA UCITS ETF,HMCHz,USD
HMED,HSBC MSCI MEXICO CAPPED UCIT,HMEXz,USD
HMEM,HSBC MSCI EMERGING MARKETS U,HMEFz,USD
HMEUUSD,HSBC MSCI EUROPE UCITS ETF,HMEUz,USD
HMFD,HSBC MSCI EM FAR EAST UCITS,HMFEz,USD
HMLD,HSBC MSCI EM LATIN AMERICA U,HMLAz,USD
HMUD,HSBC MSCI USA UCITS ETF,HMUSz,USD
HMWD,HSBC MSCI WORLD UCITS ETF,HMWOz,USD
HMYD,HSBC MSCI MALAYSIA UCITS ETF,HMYRz,USD
HSPD,HSBC S&amp;P 500 UCITS ETF,HSPXz,USD
HTRD,HSBC MSCI TURKEY UCITS ETF,HTRYz,USD
HUKX,HSBC FTSE 100 UCITS ETF,HUKXz,USD
HYLD,ISHARES GLOBAL HY CORP-DISTR,HYLDz,CHF
IAUP,ISHARES GOLD PRODUCERS,IAUPz,CHF
IBCI,ISHARES EURO INFL-LKD GOVT,IBCIz,CHF
IBCX,ISHARES EURO CORP LARGE CAP,IBCXz,CHF
IBGL,ISHARES EURO GOVT 15-30YR,IBGLz,CHF
IBGM,ISHARES EURO GOVT 7-10YR,IBGMz,CHF
IBGS,ISHARES EUR GOVT 1-3YR,IBGSz,CHF
IBTA,ISHARES USD TRSRY 1-3Y USD A,IBTAz,CHF
IBTS,ISHARES USD TRSRY 1-3Y USD D,IBTSz,USD
IBZL,ISHARES MSCI BRAZIL,IBZLz,USD
ICEUD,ISHARES CORE MSCI EMU EUR-D,ICEUDz,CHF
ICOM,ISH DIVERS COMMOD SWAP ETF,ICOMz,USD
IDAP,ISHARES ASIA PAC DIVIDEND,IAPDz,USD
IDAR,ISHARES ASIA PROPERTY YIELD,IASPz,USD
IDEE,ISHARES MSCI EAST EUROPE CPD,IEERz,USD
IDJG,ISHR EUR TTL MKT GRWTH LARGE,IDJGz,CHF
IDJV,ISHR EUR TTL MKT VAL LARGE,IDJVz,CHF
IDNA,ISHARES MSCI NORTH AMERICA,INAAz,USD
IDP6,ISHARES S&amp;P SMALL CAP 600,IDP6z,USD
IDTL,ISHARES USD TRES 20PLUS YR,IDTLz,USD
IDTM,ISHARES USD TREASURY 7-10Y,IBTMz,USD
IDTP,ISHARES USD TIPS,ITPSz,USD
IDUP,ISHARES US PROPERTY YIELD,IUSPz,USD
IDUS,ISHARES CORE S&amp;P 500,IUSAz,USD
IDVY,ISHARES EURO DIVIDEND,IDVYz,CHF
IEAC,ISHARES CORE EURO CORP BOND,IEACz,CHF
IEAG,ISHARES EURO AGGREGATE,IEAGz,CHF
IEDY,ISHARES EM DIVIDEND,IEDYz,CHF
IEEM,ISHARES MSCI EM,IEEMz,USD
IEGY,ISHARES EURO GOVT 5-7YR,IEGYz,CHF
IEGZ,ISHARES EURO GOVT 10-15YR,IEGZz,CHF
IEMA,ISHARES MSCI EM ACC,SEMAz,USD
IEMB,ISHARES JPM USD EM BND USD D,IEMBz,USD
IEMI,ISHARES EM INFRASTRUCTURE,IEMIz,USD
IEML,ISHARES JPM EM LCL GOV BND,IEMLz,CHF
IEMS,ISHARES MSCI EM SMALL CAP,IEMSz,USD
IEUX,ISHARES MSCI EUROPE EX-UK,IEUXz,CHF
IEVL,ISHARES EDGE MSCI ERP VALUE,IEVLz,EUR
IEXF,ISHARES EURO CORP EX-FINCL,IEXFz,CHF
IFFF,ISHR MSCI AC FAR EAST X-JP,IFFFz,USD
IGEA,ISHARES EM ASIA LOCAL GOVT,IGEAz,CHF
IGIL,ISHARES GLBL INFL LNKD GOVT,IGILz,USD
IGLO,ISHARES GLOBAL GOV BND-DISTR,IGLOz,CHF
IH2O,ISHARES GLOBAL WATER,IH2Oz,USD
IHYA,ISHARES USD HY CORP USD ACC,IHYAz,CHF
IHYG,ISHARES EURO HY CORP,IHYGz,CHF
IHYU,ISHARES USD HY CORP USD DIST,IHYUz,CHF
IJPC,ISHARES MSCI JAPAN CHF-H,IJPCz,CHF
IJPD,ISHARES MSCI JAPAN USD-H ACC,IJPDz,USD
IJPE,ISHARES MSCI JPN MONTH EUR-H,IJPEz,EUR
IJPN,ISHARES MSCI JAPAN,IJPNz,JPY
IKOR,ISHARES MSCI KOREA,IKORz,USD
IMBA,ISHARES US MBS USD ACC,IMBAz,CHF
IMEA,ISHARES CORE MSCI EUROPE ACC,IMEAz,CHF
IMEU,ISHARES CORE MSCI EUROPE,IMEUz,CHF
IMIB,ISHARES FTSE MIB,IMIBz,CHF
INDW,LYXOR MSCI WORLD INDUS,LYINDz,USD
INFL,LYXOR EUR 2-10Y INFL EXPECT,INFLz,EUR
INFU,LYXOR USD 10Y INFL EXPECT,INFUz,USD
IOGP,ISHARES OIL &amp; GAS EXPL&amp;PROD,IOGPz,CHF
IPRP,ISHARES EUROPE PRPRTY YIELD,IPRPz,CHF
IPRV,ISHARES LISTED PRIVATE EQY,IPRVz,USD
IPXJ,ISHARES MSCI PACIFIC EX-JPN,SPXJz,USD
IRCP,ISHARES EURO CORP BND IR-H,IRCPz,CHF
IS07,ISH EDG MSCI WLD MLTFC EURHA,IS07z,CHF
IS15,ISHARES GBP CORP BOND 0-5YR,IS15z,GBP
ISAC,ISHARES MSCI ACWI,SSACz,USD
ISAG,ISHARES AGRIBUSINESS,ISAGz,CHF
ISDE,ISHARES MSCI EM ISLAMIC,ISEMz,USD
ISF,ISHARES CORE FTSE 100,ISFz,CHF
ISJP,ISHARES MSCI JAPAN SMALL CAP,ISJPz,JPY
ISPA,ISHR STOXX GBL SELDIV100 DE,SDGPEz,EUR
ISPY,L&amp;G CYBER SECURITY UCITS ETF,ISPYz,CHF
ITKY,ISHARES MSCI TURKEY,ITKYz,USD
ITWN,ISHARES MSCI TAIWAN,ITWNz,USD
IUAA,ISHARES US AGG BND USD ACC,IUAAz,CHF
IUAG,ISHARES US AGG BND USD DIST,IUAGz,USD
IUCD,ISHARES S&amp;P CONSUMER DSCRTN,IUCDz,USD
IUCS,ISH S&amp;P500 CONSUMER STAPLES,IUCSz,USD
IUES,ISHARES S&amp;P 500 ENERGY,IUESz,USD
IUFS,ISHARES S&amp;P 500 FINANCIALS,IUFSz,USD
IUHC,ISHARES S&amp;P HEALTH CARE,IUHCz,USD
IUIS,ISH S&amp;P500 INDUSTRIALS,IUISz,USD
IUIT,ISHARES S&amp;P 500 IT SECTOR,IUITz,USD
IUKD,ISHARES UK DIVIDEND,IUKDz,CHF
IUKP,ISHARES UK PROPERTY,IUKPz,CHF
IUMS,ISH S&amp;P500 MATERIALS,IUMSz,USD
IUSC,ISHARES S&amp;P 500 CHF-H,IUSCz,CHF
IUSE,ISHARES S&amp;P 500 EUR-H,IUSEz,EUR
IUUS,ISH S&amp;P500 UTILITIES,IUUSz,USD
IWDA,ISHARES CORE MSCI WORLD,SWDAz,USD
IWDC,ISHARES MSCI WORLD CHF-H,IWDCz,CHF
IWDE,ISHARES MSCI WORLD EUR-H,IWDEz,EUR
IWDP,ISHARES DVL MKT PROPERTY YLD,IWDPz,USD
IWRD,ISHARES MSCI WORLD,IWRDz,USD
JBGOCA,SWISSCANTO PHYS GLD - CHF A,JBGOCz,CHF
JBGOCX,SWISSCANTO PHYS GLD - CHF AX,JBGOZz,CHF
JBGOEA,SWISSCANTO PHYS GLD - EUR A,JBGOEz,EUR
JBGOEX,SWISSCANTO PHYS GLD - EUR AX,JBGXEz,EUR
JBGOUA,SWISSCANTO PHYS GLD - USD A,JBGAUz,USD
JBGOUX,SWISSCANTO PHYS GLD - USD AX,JBGOUz,USD
JBPACA,SWISSCANTO PHYS PLD - CHF A,JBPAZz,CHF
JBPACX,SWISSCANTO PHYS PLD - CHF AX,JBPXZz,CHF
JBPAEA,SWISSCANTO PHYS PLD - EUR A,JBPAEz,EUR
JBPAEX,SWISSCANTO PHYS PLD - EUR AX,JBPXEz,EUR
JBPAUA,SWISSCANTO PHYS PLD - USD A,JBPUUz,USD
JBPAUX,SWISSCANTO PHYS PLD - USD AX,JBPAUz,USD
JBPLCX,SWISSCANTO PHYS PLT - CHF AX,JBPLZz,CHF
JBPLEA,SWISSCANTO PHYS PLT - EUR A,JBPLAz,EUR
JBPLEX,SWISSCANTO PHYS PLT - EUR AX,JBPLXz,EUR
JBPLUA,SWISSCANTO PHYS PLT - USD A,JBPPUz,USD
JBPLUX,SWISSCANTO PHYS PLT - USD AX,JBPLUz,USD
JBSICA,SWISSCANTO PHYS SLV - CHF A,JBSIZz,CHF
JBSICX,SWISSCANTO PHYS SLV - CHF AX,JBSXZz,CHF
JBSIEA,SWISSCANTO PHYS SLV - EUR A,JBSIEz,EUR
JBSIEX,SWISSCANTO PHYS SLV - EUR AX,JBSXEz,EUR
JBSIUA,SWISSCANTO PHYS SLV - USD A,JBSAUz,USD
JBSIUX,SWISSCANTO PHYS SLV - USD AX,JBSIUz,USD
JNKE,SPDR BBG EURO HIGH YIELD,JNKEz,CHF
JPCHBH,UBS ETF MSCI JAPAN H. CHF,JPCHBz,CHF
JPEA,ISHARES JPM USD EM BND USD A,JPEAz,CHF
JPEUAH,UBS ETF MSCI JAPAN H. EUR,JPEUAz,EUR
JPEUBH,UBS ETF MSCI JAPAN H. EUR,JPEUBz,EUR
JPGBPA,UBSETF MSCI JAPAN H.GBP AACC,JPGBPz,GBP
JPGBPD,UBSETF MSCI JAPAN H.GBP ADIS,JPGBDz,GBP
JPNA,UBSETF MSCI JAPAN JPY A-ACC,JPNAz,JPY
JPNJPAJPY,UBS ETF MSCI JAPAN,JPNJJz,JPY
JPSR,UBS ETF MSCI JAPAN SRI,JPSRIz,JPY
JPSRE,UBS ETF JAPAN SRI H. EUR A,JPSREz,EUR
JPSRT,UBS ETF JAPAN SRI H. CHF D,JPSRTz,CHF
JPUSBH,UBS ETF MSCI JAPAN H. USD,JPUSBz,USD
KTMI,PIERER MOBILITY AG,PMAGz,CHF
LDCC,PIMCO LOW DUR US CP B-CHF HG,LDCCz,CHF
LDCE,PIMCO LOW DUR EURO CORP BOND,LDCEz,EUR
LDCU,PIMCO LOW DUR US CORP BONDS,LDCUz,USD
LLB,LIECHTENSTEIN LANDESBANK,LLBNz,CHF
LLY,ELI LILLY &amp; CO,LLYz,CHF
LMN,LASTMINUTE.COM NV,LMNz,CHF
LOWV,SPDR S&amp;P 500 LOW VOLATILITY,LOWVz,CHF
LQDA,ISHARES USD CORP BOND USD A,LQDAz,CHF
LQDE,ISHARES USD CORP BOND USD D,LQDEz,USD
LSPU,LYXOR S&amp;P 500,LYSP5z,USD
LUMX,LUMX GROUP LTD,LUMXz,CHF
LUSC,SPDR BBG 10+ US CORPORATE,LUSCz,USD
LVE,LYXOR EURSTX50 DAILY LEV,LYLVEz,EUR
LYINR,LYXOR MSCI INDIA,LYINRz,USD
LYLEM,LYXOR EMERGING MARKETS,LYLEMz,USD
LYMEU,LYXOR MSCI EUROPE DR ETF,LYMEUz,CHF
LYMUA,LYXOR FTSE EPRA/NAREIT USA,LYMUAz,USD
LYMWO,LYXOR FTSE E/N GL DE-D-USD,LYMWOz,USD
LYRUS,LYXOR MSCI RUSSIA UCITS ETF,LYRUSz,USD
LYSPH,LYXOR S&amp;P 500-C-HEDGED,LYSPHz,CHF
LYSSL,LYXOR SMI DAILY -2X INVERSE,LYSSLz,CHF
LYX5,LYXOR JP MLTI FACT EUR IDX,LYX5z,CHF
LYY7,LYXOR DAX DR,LYDAXz,EUR
MA13,LYXOR EURMTS HR GOVB 1-3Y,LYMA1z,EUR
MA35,LYXOR EURMTS HR GOVB 3-5Y,LYMA3z,EUR
MA57,LYXOR EURMTS HR GOVB 5-7Y,LYMA5z,EUR
MAA,LYXOR EURMTS MW GOVBOND DR,LYMAAz,EUR
MAGB,MRKT ACES NYSE ARCA GLD BUGS,MAGBz,USD
MATW,LYXOR MSCI WORLD MAT,LYMATz,USD
MDAXEX,ISHARES MDAX UCITS ETF DE,MDAXEz,CHF
MEH,LYXOR FTSE E/N DEV EUR-DIST,LYMEHz,EUR
MINT,PIMCO US DOLLAR SHORT MATURI,MINTz,USD
MLPD,INVESCO MORNINGSTAR MLP DIST,MLPDz,USD
MRAI,MARKET ACCESS RICI AGRI,MRAIz,USD
MRIC,MARKET ACCESS RGR INTL CMDTY,MRICz,USD
MSE,LYXOR EUROSTOXX 50 DR,MSEz,EUR
MTA,LYXOR EURMS1-3Y INV GR DR,LYMTAz,EUR
MTE,LYXOR EUROMTS 10-15Y DR,LYMTEz,EUR
MTF1,LYXOR EURMTS 15Y+ IG DR,LYMTFz,EUR
MTI,LYXOR EUROMTS INFL IG DR,LYMTIz,EUR
MTX1,LYXOR EURMTS INV GRADE DR,LYMTXz,EUR
MUUSAS,UBS ETF MSCI USA,MUUSAz,USD
MVEU,ISHARES EDGE MSCI ERP MINVOL,MVEUz,CHF
MVOL,ISH EDG MSCI WLD MNVL USD A,MVOLz,CHF
MVUS,OSSIAM ETF US MINIMUM VARIAN,MVUSz,USD
MXFS,INVESCO MSCI EMERGING MKTS,MXFSz,USD
MXUS,INVESCO MSCI USA,MXUSz,USD
MXWO,INVESCO MSCI WORLD,MXWOz,USD
NIBEB,NIBE INDUSTRIER AB-B SHS,NIBEBz,CHF
NRGW,LYXOR MSCI WLD ENG TR UC ETF,LYNRGz,USD
NXKE,NOMURA NIKKEI225 EUR-H ETF,NXKEz,EUR
OILCHA,UBS ETF CMCI OIL H. CHF,OILCHz,CHF
OILUSA,UBS ETF CMCI OIL USD,OILUSz,USD
OSX2,OSSIAM ETF US MINIMUM VARIAN,SPMVz,EUR
OSX4,OSSIAM ETF EUROPE MIN VAR,EUMVz,EUR
OSX6,OSSIAM STOXX EUROPE 600 EQUA,S6EWz,EUR
OSXC,OSSIAM RISK WEIGHT COMM X GR,CRWEz,EUR
PACUSA,UBS ETF MSCI PACIFIC EX JPN,PACUUz,USD
PADV,SPDR ASIA DVD ARISTOCRATS,PADVz,CHF
PEF,INVESCO FTSE RAFI EUROPE,PEFz,CHF
PJS1,PIMCO EURO SHRT SOURCE INC,PJS1z,EUR
PJSR,PIMCO EURO SHRT SOURCE ACC,PJSRz,EUR
PLUSA,UBS ETF PALLADIUM,PLUAUz,USD
PMI,PHILIP MORRIS INTERNATIONAL,PMIz,CHF
PSRUSA,UBS ETF MSCI PACIFIC SRI,PSRUZz,CHF
PSRUSAUSD,UBS ETF MSCI PACIFIC SRI,PSRUUz,USD
PTUSA,UBS ETF PLATINUM,PTUSZz,CHF
PWD,INVESCO FT RAFI EURO MID-SML,PWDz,CHF
QDIV,ISH MSCI USA QLY DVD USD DIS,QDIVz,USD
R2US,SPDR RUSSELL 2000 US S/C,R2USz,CHF
RBOT,ISHARES AUTOMATION&amp;ROBOTIC-A,RBOTz,USD
RGLDS,RAIFF ETF SOLID GOLD A USD,RGLDUz,USD
ROBO,L&amp;G ROBO GLOBAL ROBOTICS&amp;AUT,ROBOz,CHF
RXRGEX,ISHAR EB.REXX GVT GERMANY DE,RXRGEz,CHF
S2EUAH,UBS ETF MSCI SWITZ.H. EUR,S2EUAz,EUR
S2EUBH,UBS ETF MSCI SWITZ.H. EUR,S2EUBz,EUR
S2HGBA,UBS ETF MSCI SWITZ.H.GBP ACC,S2HGBz,GBP
S2HGBD,UBS ETF MSCI SWITZ.H.GBP DIS,S2HGDz,GBP
S2USBH,UBS ETF MSCI SWITZ.H. USD,S2USBz,USD
S5USAS,UBS ETF S&amp;P 500 INDEX,S5USAz,USD
S6X0,INVESCO EURO STOXX 50 DIST,SX5Dz,EUR
SB1CHA,UBS ETF SBI DOM. GOVERN. 1-3,SB1AZz,CHF
SB3CHA,UBS ETF SBI DOM. GOVERN. 3-7,SB3CZz,CHF
SBEM,UBS ETF USD EM SOVEREIGN,SBEMz,CHF
SBEME,UBS ETF USD EM SOVEREIGN EUR,SBEMEz,EUR
SBEMH,UBS ETF USD EM SOVEREIGN GBP,SBEMHz,GBP
SBEMS,UBS ETF USD EM SOVEREIGN CHF,SBEMMz,CHF
SBEMUSD,UBS ETF USD EM SOVEREIGN,SBEMSz,USD
SBIO,INVESCO NASDAQ BIOTECH,SBIOz,USD
SC0C,INVESCO STOXX EUROPE 600,S600z,EUR
SC0D,INVESCO EURO STOXX 50 ACC,SX5Ez,EUR
SC0E,INVESCO MSCI EUROPE,MXEUz,EUR
SC0U,INVESCO STX 600 OPT BANKS,X7PSz,EUR
SCR,SCOR SE,SCRz,CHF
SDHY,ISHARES USD SHORT DUR HY CRP,SDHYz,CHF
SDIA,ISHARES USD SHORT DUR USD A,SDIAz,CHF
SEUC,SPDR BBG 0-3 EURO CORPORATE,SEUCz,CHF
SF1CHA,UBS ETF SBI FO. AAA-BBB 1-5,SF1CHz,CHF
SF5CHA,UBS ETF SBI FO. AAA-BBB 5-10,SF5CHz,CHF
SGLD,INVESCO PHYSICAL GOLD ETC,SGLDz,USD
SGPDU,UBS ETF MSCI SINGAPORE,SGPDUz,USD
SHLTN,SHL TELEMEDICINE LTD-REG,SHLTNz,CHF
SJNK,SPDR BBG 0-5 US HIGH YIELD,SJNKz,CHF
SJPA,ISHARES CORE MSCI JAPAN,SJPAz,JPY
SKIN,CASSIOPEA SPA,SKINz,CHF
SLB,SCHLUMBERGER LTD,SLBz,CHF
SLICHA,UBS ETF SLI,SLIAZz,CHF
SLXX,ISHARES CORE GBP CORP,SLXXz,GBP
SMICHA,UBS ETF SMI,SMICZz,CHF
SMIEX,ISHARES SLI UCITS ETF DE,SMIEXz,CHF
SMMCHA,UBS ETF SMIM,SMMAZz,CHF
SP500S,UBS ETF S&amp;P 500 H CHF A-ACC,SP50Ez,CHF
SP5USY,UBS ETF S&amp;P 500,SP5UZz,CHF
SP5USYUSD,UBS ETF S&amp;P 500,SP5UUz,USD
SPICHA,UBS ETF SPI,SPICZz,CHF
SPLV,ISHARES EDGE S&amp;P500 MIN VOL,SPLVz,CHF
SPMCHA,UBS ETF SPI MID,SPMCZz,CHF
SPXD,INVESCO S&amp;P 500 DIST,SPXDz,USD
SPXS,INVESCO S&amp;P 500 ACC,SPXSz,USD
SPY4,SPDR S&amp;P 400 US MID CAP,SPY4z,CHF
SPY5,SPDR S&amp;P 500 UCITS ETF DIST,SPY5z,CHF
SRECHA,UBS ETF SXI REAL ESTATE FU.,SRECZz,CHF
SRFCHA,UBS ETF SXI REAL ESTATE,SRFCZz,CHF
SS1EUA,UBS ETF BRCLYS EUR TRS.1-10,SS1EUz,EUR
STAW,LYXOR MSCI WORLD CONS STPLS,LYCOSz,USD
STHC,PIMCO SHRT HIYI CP-CHF HG AC,STHCz,CHF
STHE,PIMCO SHRT HIYI CORP H-EUR I,STHEz,EUR
STRX,SPDR EUROPE CON DISCRETIONRY,STRXz,CHF
STYC,PIMCO SHRT HIYI CORP-USD ACC,STYCz,USD
STZX,SPDR EUROPE FINANCIALS,STZXz,CHF
SUSC,SPDR BBG 0-3 US CORPORATE,SUSCz,CHF
SUSM,ISHARES MSCI EM SRI UCITS,SUSMz,USD
SVUSA,UBS ETF SILVER,SVUSUz,USD
SW2CHA,UBS ETF MSCI SWITZERLAND,SW2CAz,CHF
SW2CHB,UBS ETF MSCI SWITZERLAND,SW2CHz,CHF
SWEUAH,UBS ETF MSCI SWITZ H EUR,SWEUAz,EUR
SWICHA,UBS ETF MSCI SWITZERLAND,SWICHz,CHF
SWUSAH,UBS ETF MSCI SWITZ H USD,SWUSAz,USD
SXLE,SPDR S&amp;P US ENERGY SELECT,SXLEz,USD
SXLF,SPDR S&amp;P US FINANCIAL SELECT,SXLFz,USD
SXLI,SPDR S&amp;P US INDUST SELECT,SXLIz,USD
SXLP,SPDR S&amp;P US CON STAP SELECT,SXLPz,USD
SXLV,SPDR S&amp;P US HEALTH SELECT,SXLVz,USD
SXR0,ISH EDG MSCI WLD MNVL EURH A,SXR0z,CHF
SYB3,SPDR BBG 1-3 EURO GOVERNMENT,SYB3z,CHF
TELW,LYXOR MSCI WORLD COMM,LYTELz,USD
TIP1A,UBS ETF BAR TIPS1-10 USD ACC,TIP1Az,USD
TIP1D,UBS ETF BARC TIPS 1-10 USD,TIP1Dz,USD
TIP1E,UBS ETF BARC TIPS 1-10 H.EUR,TIP1Ez,EUR
TIP1S,UBS ETF BARC TIPS 1-10 H.CHF,TIP1Sz,CHF
TIP5,ISHARES USD TIPS 0-5,TIP5z,USD
TNOW,LYXOR MSCI WORLD IT,LYTNOz,USD
TPXH,AMUNDI JAPTPIX EUR H,TPXHz,EUR
TRS3,SPDR BBG 1-3 US TREASURY,TRS3z,CHF
TRSY,SPDR BBG US TREASURY,TRSYz,CHF
UC68,UBS ETF MSCI WORLD,WRDAUz,USD
UC82,UBS ETF US L. C. H. GBP 1-5,CBU5Hz,GBP
UC85,UBS ETF B. US LQ. C. H. GBP,CBUSHz,GBP
UC86,UBS ETF B. US LIQ. CORP. 1-5,CBUS1z,USD
UC97,UBS ETF BM US LIQ. C. SUST.U,CBSULz,USD
UCAP,OSSIAM SHILLER BRLY CAPE USD,UCAPz,USD
UEF0,UBS ETF B. US LQ. C. H. EUR,CBUSEz,EUR
UEF6,UBS ETF B. EUR AR.LIQ.C. 1-5,CBEUz,EUR
UEFD,UBS ETF MSCI EMU SMALL CAP U,ESCEAz,EUR
UEFR,UBS ETF - BLOOMBERG BARCLAYS,ECOEAz,EUR
UEQ3,UBS ETF CMCI COMPOS. H. GBP,CCGBAz,GBP
UIM2,UBS ETF FACTOR EMU QUALITY,ELTDz,EUR
UIM4,UBS ETF MSCI EMU UCITS ETF,EMUEEz,EUR
UIMC,UBS ETF BAR EU LIQ CORP SUST,CBSEUz,EUR
UIMF,UBS ETF MSCI EUROPE H. EUR A,EUEUAz,EUR
UIMY,UBS ETF FACTOR EMU LOW VOLTL,ELOWVz,EUR
UIMZ,UBS ETF FACTOR EMU PRIM VAL,EPVLz,EUR
UIQC,UBS ETF HFRX GL. HF H. EUR,HFEUAz,EUR
UIQI,UBS ETF MSCI AC ASIA EX JPN,AJEUAz,USD
UKCHBH,UBS ETF MSCI UK H. CHF,UKCHBz,CHF
UKDV,SPDR UK DIV ARISTOCRATS,UKDVz,CHF
UKEUAH,UBS ETF MSCI UK H. EUR,UKEUAz,EUR
UKEUBH,UBS ETF MSCI UK H. EUR,UKEUBz,EUR
UKGBPA,UBS ETF MSCI UNITED KINGDOM,UKGBPz,GBP
UKGBPBGBP,UBS ETF MSCI UNITED KINGDOM,UKGBBz,GBP
UKSR,UBS ETF MSCI UK IMI SRI,UKSRz,GBP
UKSRE,UBS ETF UK IMI SRI H EUR A,UKSREz,EUR
UKUSBH,UBS ETF MSCI UK H. USD,UKUSBz,USD
ULOVD,UBS ETF FACTOR LOW VOLATLY,ULOVFz,CHF
ULOVDUSD,UBS ETF FACTOR LOW VOLATLY,ULOVDz,USD
ULOVE,UBSETF FACTOR USA LV H EUR A,ULOVEz,EUR
ULOVH,UBSETF FACTOR USA LV H GBP D,ULOVHz,GBP
ULOVS,UBSETF FACTOR USA LV H CHF A,ULOVSz,CHF
UPVLD,UBS ETF FACTOR USA PRIM VAL,UPVLFz,CHF
UPVLDUSD,UBS ETF FACTOR USA PRIM VAL,UPVLDz,USD
UPVLE,UBSETF FACTOR USA PV H EUR A,UPVLEz,EUR
UPVLH,UBSETF FACTOR USA PV H GBP D,UPVLHz,GBP
UPVLS,UBSETF FACTOR USA PV H CHF A,UPVLSz,CHF
UQLTD,UBS ETF FACTOR USA QUALITY,UQLTFz,CHF
UQLTDUSD,UBS ETF FACTOR USA QUALITY,UQLTDz,USD
UQLTE,UBSETF FACTOR USA QU H EUR A,UQLTEz,EUR
UQLTH,UBSETF FACTOR USA QU H GBP D,UQLTHz,GBP
UQLTS,UBSETF FACTOR USA QU H CHF A,UQLTSz,CHF
US10,LYXOR CR IBOXX TRSUR 10Y+ DR,LYUS1z,USD
US7,AMUNDI US TREASURY 7-10 ETF,US7z,USD
USAG,SPDR BBG US AGGREGATE,USAGz,CHF
USAUKD,UBS ETF MSCI USA UKD,USAUKz,USD
USAUSA,UBS ETF MSCI USA,USAAZz,CHF
USAUSAUSD,UBS ETF MSCI USA,USAAUz,USD
USAUSW,UBS ETF MSCI USA ACC,USASWz,USD
USAUSY,UBS ETF MSCI USA DIS,USAUUz,USD
USCHWH,UBS ETF MSCI USA H. CHF,USCHWz,CHF
USDV,SPDR US DIV ARISTOCRATS,USDVz,CHF
USEUWH,UBS ETF MSCI USA H. EUR,USEUWz,EUR
USEUYH,UBS ETF MSCI USA H. EUR,USEUYz,EUR
USFMDUSD,UBSETF MSCI USA SEL.FACT.MIX,USFMDz,USD
USGBPA,UBS ETF MSCI USA H.GBP A ACC,USGBAz,GBP
USGBPD,UBS ETF MSCI USA H. GBP ADIS,USGBPz,GBP
USMUFE,UBS MSCI US SEL.FACT.MIX EUR,USMUEz,EUR
USMUFH,UBS MSCI US SEL.FACT.MIX HGA,USMUFz,GBP
USMUFS,UBS MSCI US SEL.FACT.MIX CHF,USMUSz,CHF
USSRF,UBS ETF USA SRI H. EUR D,USSRFz,EUR
USSRS,UBS ETF USA SRI H. CHF A,USSRSz,CHF
UST10F,UBS ETF BARC US TR.10+ H.EUR,UST10z,EUR
UST1F,UBS ETF BAR US TR. 1-3 H.EUR,UST1Fz,EUR
USVUSY,UBS ETF MSCI USA VALUE,USVUUz,USD
UT1US,UBS ETF BAR. CAP. US TR. 1-3,UT1USz,USD
UT1USA,UBS ETF BAR. CAP. US TR. 1-3,UT1UUz,USD
UT7USA,UBS ETF BAR. CA. US TR. 7-10,UT7UUz,USD
UTIW,LYXOR MSCI WORLD UTILITIES,LYUTLz,USD
VAL,LYXOR MSCI EMU VALUE DR,EMVz,EUR
VAPX,VANG FTSEAPXJ USDD,VAPXz,CHF
VEUR,VANG FTSE EUR EURD,VEURz,CHF
VFEM,VANG FTSE EM USDD,VFEMz,CHF
VHYL,VANG FTSE HDY USDD,VHYLz,CHF
VJPN,VANG FTSE JPN USDD,VJPNz,CHF
VLIQ,VANG GLBLLIQ USDA,VLIQz,CHF
VMOM,VANG GLBLMOM USDA,VMOMz,CHF
VMVL,VANG GLMINVO USDHA,VMVLz,CHF
VPBN,VP BANK AG-REG,VPBNz,CHF
VUSA,VANG S&amp;P500 USDD,VUSAz,CHF
VVAL,VANG GLBLVAL USDA,VVALz,CHF
VW,VOLKSWAGEN AG,VWz,CHF
VW-V,VOLKSWAGEN AG-PREF,VWVz,CHF
VWRL,VANG FTSE AW USDD,VWRLz,CHF
WCOS,SPDR WORLD CON STAPLES,WCOSz,USD
WFIN,SPDR WORLD FINANCIALS,WFINz,USD
WHEA,SPDR WORLD HEALTH CARE,WHEAz,USD
WING,ISHARES FALLEN ANGEL HY CORP,WINGz,USD
WOMV,OSSIAM ETF WORLD MIN VARIANC,WOMVz,EUR
WOSC,SPDR WORLD SMALL CAP,WOSCz,CHF
WRDUSA,UBS ETF MSCI WORLD,WRDUZz,CHF
WRDUSY,UBS ETF MSCI WORLD,WRDYZz,CHF
WRDUSYUSD,UBS ETF MSCI WORLD,WRDYUz,USD
WSRUSA,UBS ETF MSCI WORLD SRI,WSRUZz,CHF
WSRUSAUSD,UBS ETF MSCI WORLD SRI,WSRUUz,USD
WTEC,SPDR WORLD TECHNOLOGY,WTECz,USD
X03H,X GLOBAL GOV BOND CHF,X03Hz,CHF
XAXD,X MSCI AC ASIA EX JAPAN SWAP,XAXDz,USD
XBAC,X GLOBAL AGGREGATE SWAP CHF,XBACz,CHF
XBAE,X GLOBAL AGGREGATE SWAP EUR,XBAEz,EUR
XBAG,X GLOBAL AGGREGATE SWAP,XBAGz,USD
XBAU,X GLOBAL AGGREGATE SWAP USD,XBAUz,USD
XBCU,X DBLCI COMMODTY OY SWAP USD,XBCUz,USD
XCAN,X MSCI CANADA,XCANz,CHF
XD5D,X MSCI EMU USD,XD5Dz,USD
XD5E,X MSCI EMU,XD5Ez,CHF
XD5S,X MSCI EMU GBP,XD5Sz,GBP
XD9U,X MSCI USA UCITS ETF,XD9Uz,USD
XDAX,X DAX,XDAXz,CHF
XDBG,X DBLCI COMMODTY OY SWAP GBP,XDBGz,GBP
XDEW,X S&amp;P 500 EQUAL WEIGHT,XDEWz,USD
XDUE,X MSCI EMU CHF,XDUEz,CHF
XDWD,X MSCI WORLD 1C,XDWDz,USD
XDWG,X MSCI WORLD GBP,XDWGz,GBP
XDWL,X MSCI WORLD 1D,XDWLz,CHF
XEOU,X MSCI EUROPE USD,XEOUz,USD
XESC,X EURO STOXX 50 1C,XESCz,CHF
XESX,X EURO STOXX 50 1D,XESXz,CHF
XFVT,X FTSE VIETNAM SWAP,XFVTz,CHF
XG7G,X GLBAL INFLATION LINKED CHF,XG7Gz,CHF
XG7U,X GLOBAL INFLATION LINKD USD,XG7Uz,USD
XGSD,X GLOBAL SELECT DIV 100 SWAP,XGSDz,CHF
XGSI,X GLOBAL GOV BOND USD,XGSIz,USD
XIEE,X MSCI EUROPE 1D,XIEEz,EUR
XLDX,X LEVDAX DAILY SWAP,XLDXz,CHF
XLES,INVESCO US ENERGY S&amp;P,XLESz,USD
XLFS,INVESCO US FINANCIALS S&amp;P,XLFSz,USD
XLIS,INVESCO US INDUSTRIALS S&amp;P,XLISz,USD
XLKS,INVESCO US TECHNOLOGY S&amp;P,XLKSz,USD
XLUS,INVESCO US UTILITIES S&amp;P,XLUSz,USD
XLYS,INVESCO US CONS DISC S&amp;P SEC,XLYSz,USD
XMAI,X MSCI EM ASIA SWAP,XMAIz,USD
XMBD,X MSCI BRAZIL 1C,XMBRz,USD
XMCH,X MSCI CHINA 1C,XMCHz,CHF
XMEX,X MSCI MEXICO,XMEXz,CHF
XMJP,X MSCI JAPAN,XMJPz,JPY
XMKO,X MSCI KOREA,XMKOz,USD
XMMD,X MSCI EMERGING MARKETS SWAP,XMEMz,USD
XMME,X MSCI EMERGING MARKETS,XMMEz,CHF
XMUD,X MSCI USA SWAP,XMUSz,USD
XMUJ,X MSCI JAPAN USD,XMUJz,USD
XMWD,X WORLD SWAP 1C,XMWOz,USD
XPLA,XTRACKER PLATINUM ETC,XPLAz,USD
XPXD,X MSCI PACIFIC EX JAPAN 1C,XPXDz,USD
XRSU,X RUSSELL 2000,XRS2z,USD
XSDX,X SHORTDAX DAILY SWAP,XSDXz,CHF
XSIL,XTRACKER SILVER ETC,XSILz,USD
XSLI,X SLI,XSLIz,CHF
XSMC,X SWITZERLAND 1C,XSMCz,CHF
XSMI,X SWITZERLAND 1D,XSMIz,CHF
XSPX,X S&amp;P500 SWAP,XSPXz,CHF
YIEL,LYXOR BOFAML EUR HY EX FINC,LYYIEz,EUR
ZGLD,ZKB GOLD ETF AA CHF,ZGLDz,CHF
ZGLDEU,ZKB GOLD ETF AA EUR,ZGLUEz,EUR
ZGLDGB,ZKB GOLD ETF AA GBP,ZGLDGz,GBP
ZGLDHC,ZKB GOLD ETF AAH CHF,ZGLDHz,CHF
ZGLDHG,ZKB GOLD ETF AAH GBP,ZGLDPz,GBP
ZGLDUS,ZKB GOLD ETF AA USD,ZGLDUz,USD
ZPAL,ZKB PALLADIUM ETF AA CHF,ZPALz,CHF
ZPLA,ZKB PLATINUM ETF AA CHF,ZPLAz,CHF
ZSIL,ZKB SILVER ETF AA CHF,ZSILz,CHF
ZSILEU,ZKB SILVER ETF AA EUR,ZSIUEz,EUR
ZSILHC,ZKB SILVER ETF AAH CHF,ZSILZz,CHF
