0JN9N,DSV PANALPINA A S,0JN9N,MXN
0QBON,COLOPLAST-B,0QBON,MXN
0R87N,ASSA ABLOY AB-B,0R87N,MXN
1299N,AIA GROUP LTD,1299N,MXN
2331N,LI NING CO LTD,2331N,MXN
2382N,SUNNY OPTICAL TECH,2382N,MXN
2413N,M3 INC,2413N,MXN
3391N,TSURUHA HOLDINGS INC,3391N,MXN
3673N,BROADLEAF CO LTD,3673N,MXN
3932N,AKATSUKI INC,3932N,MXN
4523N,EISAI CO LTD,4523N,MXN
4BRZN,ISHARES MSCI BRAZIL UCITS DE,4BRZN,MXN
500UN,AMUNDI S&amp;P 500 UCITS ETF,500UN,MXN
6481N,THK CO LTD,6481N,MXN
788N,CHINA TOWER CORP LTD-H,788N,MXN
A,AGILENT TECHNOLOGIES INC,A,MXN
AA1,ALCOA CORP,AA1,MXN
AAP,ADVANCE AUTO PARTS INC,AAP,MXN
AAPL,APPLE INC,AAPL,MXN
AAUN,ALMADEN MINERALS LTD - B,AAUN,MXN
ABBV,ABBVIE INC,ABBV,MXN
ABMD,ABIOMED INC,ABMD,MXN
ABT,ABBOTT LABORATORIES .,ABT,MXN
AC,ARCA CONTINENTAL SAB DE CV,AC,MXN
ACA,ARCOSA INC,ACA,MXN
ACCELSAB,ACCEL S.A.B DE C.V. - SER B,ACCELSAB,MXN
ACCN,ACCOR SA,ACCN,MXN
ACNN,ACCENTURE PLC-CL A,ACNN,MXN
ACOFN,ATLAS COPCO AB-A SHS,ACOFN,MXN
ACTINVRB,CORP ACTINVER SAB DE CV,ACTINVRB,MXN
ACWF,ISHARES EDGE MSCI MULTIFACTO,ACWF,MXN
ACWIUN,UBS ETF MSCI ACWI H. USD,ACWIUN,MXN
ACWV,ISHARES EDGE MSCI MIN VOL GL,ACWV,MXN
ACXN,ACERINOX SA,ACXN,MXN
ADI,ANALOG DEVICES INC,ADI,MXN
ADM,ARCHER-DANIELS-MIDLAND CO,ADM,MXN
ADN,KONINKLIJKE AHOLD DELHAIZE N,ADN,MXN
ADPN,ADP,ADPN,MXN
ADS1,ALLIANCE DATA SYSTEMS CORP,ADS1,MXN
ADSK,AUTODESK INC,ADSK,MXN
ADSN,ADIDAS AG,ADSN,MXN
AEMEN,AMUNDI INDEX MSCI EM UCITS,AEMEN,MXN
AENAN,AENA SME SA,AENAN,MXN
AEP,AMERICAN ELECTRIC POWER,AEP,MXN
AEROMEX,GRUPO AEROMEXICO SAB DE CV,AEROMEX,MXN
AES,AES CORP,AES,MXN
AFLTN,AMUNDI FLOAT RATE USD CORP,AFLTN,MXN
AGEDN,ISHARES AGEING POPULATION,AGEDN,MXN
AGGUN,ISHARES CORE GLB AGG USD-H A,AGGUN,MXN
AGGY,WISDOMTREE YIELD ENHANCED US,AGGY,MXN
AGIO,AGIOS PHARMACEUTICALS INC,AGIO,MXN
AGKN,AGGREKO PLC,AGKN,MXN
AGLN,ANGLO AMERICAN PLC,AGLN,MXN
AGNN,ALLERGAN PLC,AGNN,MXN
AGON,ASSURED GUARANTY LTD,AGON,MXN
AGRONN,ADECOAGRO SA,AGRONN,MXN
AGUA,GRUPO ROTOPLAS SAB DE CV,AGUA,MXN
AHMSA,ALTOS HORNOS DE MEXICO-SER *,AHMSA,MXN
AIA,ISHARES ASIA 50 ETF,AIA,MXN
AIG,AMERICAN INTERNATIONAL GROUP,AIG,MXN
AIMC,ALTRA INDUSTRIAL MOTION CORP,AIMC,MXN
AIN,AIR LIQUIDE SA,AIN,MXN
AIQ,GLOBAL X FUTURE ANALYTICS TE,AIQ,MXN
AIRR,FIRST TRUST RBA AMERICAN IND,AIRR,MXN
AJG,ARTHUR J GALLAGHER &amp; CO,AJG,MXN
AKEN,ARKEMA,AKEN,MXN
AKS,AK STEEL HOLDING CORP,AKS,MXN
ALB,ALBEMARLE CORP,ALB,MXN
ALCN,ALCON INC,ALCN,MXN
ALEATIC,ALEATICA SAB DE CV,ALEATIC,MXN
ALFAA,ALFA S.A.B.-A,ALFAA,MXN
ALGN,ALIGN TECHNOLOGY INC,ALGN,MXN
ALLEN,ALLEGION PLC,ALLEN,MXN
ALLY1,ALLY FINANCIAL INC,ALLY1,MXN
ALMN,ALMIRALL SA,ALMN,MXN
ALNY,ALNYLAM PHARMACEUTICALS INC,ALNY,MXN
ALPEKA,ALPEK SA DE CV,ALPEKA,MXN
ALSEA,ALSEA SAB DE CV,ALSEA,MXN
ALTPN,ALTRAN TECHNOLOGIES SA,ALTPN,MXN
ALTY,GLOBAL X SUPERDIVIDEND ALTER,ALTY,MXN
ALVN,ALLIANZ SE-REG,ALVN,MXN
ALXN,ALEXION PHARMACEUTICALS INC,ALXN,MXN
AM1N,AHLSTROM-MUNKSJO OYJ,AM1N,MXN
AMAT,APPLIED MATERIALS INC,AMAT,MXN
AMBAN,AMBARELLA INC,AMBAN,MXN
AMCRN,AMCOR PLC,AMCRN,MXN
AMD,ADVANCED MICRO DEVICES,AMD,MXN
AME,AMETEK INC,AME,MXN
AMED,AMEDISYS INC,AMED,MXN
AMGN,AMGEN INC,AMGN,MXN
AMN,DASSAULT AVIATION SA,AMN,MXN
AMP,AMERIPRISE FINANCIAL INC.,AMP,MXN
AMXA,AMERICA MOVIL SAB DE C-SER A,AMXA,MXN
AMXL,AMERICA MOVIL SAB DE C-SER L,AMXL,MXN
AMZN,AMAZON.COM INC,AMZN,MXN
ANAB,ANAPTYSBIO INC,ANAB,MXN
ANB,ANHEUSER-BUSCH INBEV SA/NV,ANB,MXN
ANET,ARISTA NETWORKS INC,ANET,MXN
ANGELD10,ANGELD 10,ANGELD10,MXN
ANGL,VANECK FALLEN ANGEL HIGH YLD,ANGL,MXN
ANSS,ANSYS INC,ANSS,MXN
ANTAN,ANTA SPORTS PRODUCTS LTD,ANTAN,MXN
ANTON,ANTOFAGASTA PLC,ANTON,MXN
AOS,SMITH (A.O.) CORP,AOS,MXN
APA,APACHE CORP,APA,MXN
APAMN,APERAM,APAMN,MXN
APD,AIR PRODUCTS &amp; CHEMICALS INC,APD,MXN
APH,AMPHENOL CORP-CL A,APH,MXN
APTVN,APTIV PLC,APTVN,MXN
ARA,CONSORCIO ARA S.A.B.-SER *,ARA,MXN
ARCON,ARCOS DORADOS HOLDINGS INC-A,ARCON,MXN
ARGT,GLOBAL X MSCI ARGENTINA ETF,ARGT,MXN
ARISTOSA,CONSORCIO ARISTOS SAB DE - A,ARISTOSA,MXN
ARNA,ARENA PHARMACEUTICALS INC,ARNA,MXN
ARNC,ARCONIC INC,ARNC,MXN
ARYNN,ARYZTA AG,ARYNN,MXN
ASCN,ASOS PLC,ASCN,MXN
ASHR,XTRACKERS HARVEST CSI 300 CH,ASHR,MXN
ASHS,XTRACKERS HARVEST CSI 500 CH,ASHS,MXN
ASIX,ADVANSIX INC,ASIX,MXN
ASMLN,ASML HOLDING NV,ASMLN,MXN
ASURB,GRUPO AEROPORT DEL SURESTE-B,ASURB,MXN
AT1N,INVESCO AT1 CAPITAL BOND,AT1N,MXN
ATKR,ATKORE INTERNATIONAL GROUP I,ATKR,MXN
ATLN,ATLANTIA SPA,ATLN,MXN
ATSG,AIR TRANSPORT SERVICES GROUP,ATSG,MXN
ATVI,ACTIVISION BLIZZARD INC,ATVI,MXN
AUEMN,AMUNDI MSCI EMERGING MAR,AUEMN,MXN
AUSAUWN,UBS ETF MSCI AUSTRALIA,AUSAUWN,MXN
AUTLANB,CIA MINERA AUTLAN-SER B,AUTLANB,MXN
AVGO,BROADCOM INC,AVGO,MXN
AVN,AVIVA PLC,AVN,MXN
AVP,AVON PRODUCTS INC,AVP,MXN
AXAN,AXA SA,AXAN,MXN
AXDX,ACCELERATE DIAGNOSTICS INC,AXDX,MXN
AXISCK12,BANCO NACIONAL DE MEXICO S.A,AXISCK12,MXN
AXJL,WISDOMTREE ASIA-PACIFIC EX-J,AXJL,MXN
AXP,AMERICAN EXPRESS CO,AXP,MXN
AXTELCPO,AXTEL SAB DE CV - CPO,AXTELCPO,MXN
AZNN,ASTRAZENECA PLC-SPONS ADR,AZNN,MXN
AZO,AUTOZONE INC,AZO,MXN
AZTECAA,TV AZTECA SAB DE CV-A,AZTECAA,MXN
AZTECACPO,TV AZTECA SAB DE CV-CPO,AZTECACPO,MXN
AZTECADA,TV AZTECA SAB DE CV-D-A,AZTECADA,MXN
AZTECADL,TV AZTECA SAB DE CV-D-L,AZTECADL,MXN
BA,BOEING CO/THE,BA,MXN
BA1N,BAE SYSTEMS PLC,BA1N,MXN
BABBN,BABCOCK INTERNATIONAL GROUP PLC,BABBN,MXN
BAC,BANK OF AMERICA CORP,BAC,MXN
BACHOCOB,INDUSTRIAS BACHOCO-SER B,BACHOCOB,MXN
BAERN,JULIUS BAER GROUP LTD,BAERN,MXN
BAFARB,GRUPO BAFAR SAB DE CV-B,BAFARB,MXN
BAPN,CREDICORP LTD,BAPN,MXN
BASN,BASF SE,BASN,MXN
BAX,BAXTER INTERNATIONAL INC.,BAX,MXN
BAYNN,BAYER AG-REG,BAYNN,MXN
BBAJIOO,BANCO DEL BAJIO SA,BBAJIOO,MXN
BBAX,JPM BTABLDRS DEV ASIA X-JPN,BBAX,MXN
BBBY,BED BATH &amp; BEYOND INC,BBBY,MXN
BBCA,JPMORGAN BETABUILDERS CANADA,BBCA,MXN
BBDBN,BOMBARDIER INC-B,BBDBN,MXN
BBEGN,JPM BETAB EUR GOVT UCITS ETF,BBEGN,MXN
BBEU,JPMORGAN BETABUILDERS EUROPE,BBEU,MXN
BBH,VANECK BIOTECH ETF,BBH,MXN
BBILN,JPM BETA US TRES 0-1 USD UCT,BBILN,MXN
BBJP,JPMORGAN BETABUILDERS JAPAN,BBJP,MXN
BBRE,JPM BETABLDRS MSCI US REIT,BBRE,MXN
BBSA,JPMORGAN BETABUILDERS 1-5 YR,BBSA,MXN
BBT,BB&amp;T CORPORATION,BBT,MXN
BBTRN,JPM BETA US TRE BD UCITS ETF,BBTRN,MXN
BBUS,JPMORGAN BETABUILDERS US EQU,BBUS,MXN
BBUSAN,JPM BETAB US EQ UCITS USD-A,BBUSAN,MXN
BBVA,BANCO BILBAO VIZCAYA ARGENTA,BBVA,MXN
BBY,BEST BUY CO INC,BBY,MXN
BCRX,BIOCRYST PHARMACEUTICALS INC,BCRX,MXN
BCSN,BARCLAYS PLC-SPONS ADR,BCSN,MXN
BDLN,BORAL LIMITED,BDLN,MXN
BDX,BECTON DICKINSON AND CO,BDX,MXN
BELLN,BELL FOOD GROUP AG - REG,BELLN,MXN
BEN,FRANKLIN RESOURCES INC,BEN,MXN
BERN,BERNSTEIN US RESEARCH FUND,BERN,MXN
BEVIDESA,FARMACIAS BENAVIDES-SERIES A,BEVIDESA,MXN
BEVIDESB,FARMACIAS BENAVIDES-SERIES B,BEVIDESB,MXN
BEZN,BEAZLEY PLC,BEZN,MXN
BFIT,GLOBAL X HEALTH &amp; WELLNESS,BFIT,MXN
BG,BUNGE LIMITED,BG,MXN
BHCN,BAUSCH HEALTH COS INC,BHCN,MXN
BHF,BRIGHTHOUSE FINANCIAL INC,BHF,MXN
BHPN,BHP GROUP LTD-SPON ADR,BHPN,MXN
BID,SOTHEBY'S,BID,MXN
BIIB,BIOGEN INC,BIIB,MXN
BIMBOA,GRUPO BIMBO SAB- SERIES A,BIMBOA,MXN
BK,BANK OF NEW YORK MELLON CORP,BK,MXN
BKF,ISHARES MSCI BRIC ETF,BKF,MXN
BKGN,BERKELEY GROUP HOLDINGS/THE,BKGN,MXN
BKIAN,BANKIA SA,BKIAN,MXN
BKR,BAKER HUGHES CO,BKR,MXN
BKTN,BANKINTER SA,BKTN,MXN
BLD,TOPBUILD CORP,BLD,MXN
BLK,BLACKROCK INC,BLK,MXN
BLUE,BLUEBIRD BIO INC,BLUE,MXN
BLUN,BELLUS HEALTH INC,BLUN,MXN
BLV,VANGUARD LONG-TERM BOND ETF,BLV,MXN
BMEN,BOLSAS Y MERCADOS ESPANOLES,BMEN,MXN
BMRN,BIOMARIN PHARMACEUTICAL INC,BMRN,MXN
BMWM5N,BAYERISCHE MOTOREN WERKE AG,BMWM5N,MXN
BMY,BRISTOL-MYERS SQUIBB CO,BMY,MXN
BNDW,VANGUARD TOTAL WORLD BOND ET,BNDW,MXN
BNDX,VANGUARD TOTAL INTL BOND ETF,BNDX,MXN
BNN,DANONE,BNN,MXN
BNPN,BNP PARIBAS,BNPN,MXN
BNRN,BRENNTAG AG,BNRN,MXN
BNS,BANK OF NOVA SCOTIA,BNS,MXN
BOKAN,BOSKALIS WESTMINSTER,BOKAN,MXN
BOLN,BOLLORE,BOLN,MXN
BOLNVN,BOLLORE NV-NEW,BOLNVN,MXN
BOLSAA,BOLSA MEXICANA DE VALORES SA,BOLSAA,MXN
BOTZ,GLOBAL X ROBOTICS &amp; ARTIFICI,BOTZ,MXN
BPN,BP PLC-SPONS ADR,BPN,MXN
BPOSTN,BPOST SA,BPOSTN,MXN
BRBYN,BURBERRY GROUP PLC,BRBYN,MXN
BRGL,BERNSTEIN GLOBAL RESEARCH FU,BRGL,MXN
BRKB,BERKSHIRE HATHAWAY INC-CL B,BRKB,MXN
BRKR,BRUKER CORP,BRKR,MXN
BRS,BRISTOW GROUP INC,BRS,MXN
BRZU,DIREXION DLY BRAZIL BULL 3X,BRZU,MXN
BSMXB,BANCO SANTANDER MEXICO SA IN,BSMXB,MXN
BSX,BOSTON SCIENTIFIC CORP,BSX,MXN
BTAN,BT GROUP PLC,BTAN,MXN
BTEC,PRINCIPAL HEALTHCARE INNOV,BTEC,MXN
BTEC1N,ISHARES NSDQ US BIOTECH UCIT,BTEC1N,MXN
BTN,BT GROUP PLC-SPON ADR,BTN,MXN
BURL,BURLINGTON STORES INC,BURL,MXN
BY,BYLINE BANCORP INC,BY,MXN
BYND,BEYOND MEAT INC,BYND,MXN
C40N,AMUNDI CAC 40 UCITS ETF,C40N,MXN
C50N,AMUNDI EURO STOXX 50 ETF DR,C50N,MXN
CAAPN,CORP AMERICA AIRPORTS SA,CAAPN,MXN
CABLECPO,EMPRESAS CABLEVISION SA-CPO,CABLECPO,MXN
CADUA,CORPOVAEL SAB DE CV,CADUA,MXN
CAFEN,CONSTRUCC Y AUX DE FERROCARR,CAFEN,MXN
CAH,CARDINAL HEALTH INC,CAH,MXN
CAJN,CANON INC-SPONS ADR,CAJN,MXN
CAN,CARREFOUR SA,CAN,MXN
CANAN,UBSETF MSCI CANADA CAD A-ACC,CANAN,MXN
CAPGN,CAPGEMINI SE,CAPGN,MXN
CAR,AVIS BUDGET GROUP INC,CAR,MXN
CASHN,PROSEGUR CASH SA,CASHN,MXN
CAT,CATERPILLAR INC,CAT,MXN
CATH,GLOBAL X S&amp;P 500 CA VAL ETF,CATH,MXN
CBOE,CBOE GLOBAL MARKETS INC,CBOE,MXN
CBPON,CHINA BIOLOGIC PRODUCTS HOLD,CBPON,MXN
CBPX,CONTINENTAL BUILDING PRODUCT,CBPX,MXN
CBU0N,ISHARES USD TRES BOND 7-10Y,CBU0N,MXN
CBU3N,ISHARES TRSY 1-3YR USD ACC B,CBU3N,MXN
CBU7N,ISHARES USD TREASURY 3-7YR,CBU7N,MXN
CBUS5AN,UBS ETF B. US LIQ. CORP. 1-5,CBUS5AN,MXN
CBUSACN,UBS ETF US LIQ CORP,CBUSACN,MXN
CC,CHEMOURS CO/THE,CC,MXN
CCAUN,ISHARES MSCI CANADA ACC,CCAUN,MXN
CCK,CROWN HOLDINGS INC,CCK,MXN
CCL1N,CARNIVAL CORP,CCL1N,MXN
CCUSASN,UBS ETF CMCI COMPOS. USD,CCUSASN,MXN
CDISN,SPDR EUROPE CON DISCRETIONRY,CDISN,MXN
CDK,CDK GLOBAL INC,CDK,MXN
CDNS,CADENCE DESIGN SYS INC,CDNS,MXN
CECN,CECONOMY AG,CECN,MXN
CELG,CELGENE CORP,CELG,MXN
CEMEXA,CEMEX SAB-A,CEMEXA,MXN
CEMEXB,CEMEX SAB-B,CEMEXB,MXN
CEMEXCPO,CEMEX SAB-CPO,CEMEXCPO,MXN
CERAMICB,INTERNACIONAL DE CERAMICA-B,CERAMICB,MXN
CERN,CERNER CORP,CERN,MXN
CETETRCIS,ISHARES S&amp;P VALMER CETETRAC,CETETRCISHRS,MXN
CEU2N,AMUNDI MSCI EUROPE UCITS DR,CEU2N,MXN
CEU3N,AMUNDI MSCI EUROPE UCITS ETF,CEU3N,MXN
CEUN,ISHARES CORE MSCI EMU EUR A,CEUN,MXN
CEUSN,ISHARES MSCI EMU SML-C ACC,CEUSN,MXN
CFRIN,CIE FINANCIERE RICHEMONT-REG,CFRIN,MXN
CG1N,AMUNDI ETF DAX UCITS ETF DR,CG1N,MXN
CGGN,CGG SA,CGGN,MXN
CGNX,COGNEX CORP,CGNX,MXN
CHAU,DRX DLY CHINA A-SHR BULL 2X,CHAU,MXN
CHD,CHURCH &amp; DWIGHT CO INC,CHD,MXN
CHDRAUIB,GRUPO COMERCIAL CHEDRAUI SA,CHDRAUIB,MXN
CHIQ,GLOBAL X MSCI CHINA CONSUMER,CHIQ,MXN
CHKPN,CHECK POINT SOFTWARE TECH,CHKPN,MXN
CHNTRAC11,CHNTRAC 11,CHNTRAC11,MXN
CHS,CHICO'S FAS INC,CHS,MXN
CHTR,CHARTER COMMUNICATIONS INC-A,CHTR,MXN
CIDMEGA,GRUPE SAB DE CV,CIDMEGA,MXN
CIEAN,CIE AUTOMOTIVE SA,CIEAN,MXN
CIEB,CORP INTERAMERICANA ENTRET-B,CIEB,MXN
CINDN,ISHARES DOW JONES INDUS AVRG,CINDN,MXN
CJ1YN,AMUNDI MSCI JAPAN UCITS ETF,CJ1YN,MXN
CJPUN,ISHARES MSCI JAPAN USD ACC,CJPUN,MXN
CL,COLGATE-PALMOLIVE CO,CL,MXN
CLBN,CORE LABORATORIES N.V.,CLBN,MXN
CLF,CLEVELAND-CLIFFS INC,CLF,MXN
CLNXN,CELLNEX TELECOM SA,CLNXN,MXN
CLR,CONTINENTAL RESOURCES INC/OK,CLR,MXN
CMCSA,COMCAST CORP-CLASS A,CMCSA,MXN
CMG,CHIPOTLE MEXICAN GRILL INC,CMG,MXN
CMI,CUMMINS INC,CMI,MXN
CMIBN,ISHARES FTSE MIB ACC,CMIBN,MXN
CMOCTEZ,CORP MOCTEZUMA-SER *,CMOCTEZ,MXN
CMRB,CMR SAB DE CV,CMRB,MXN
CMUN,AMUNDI MSCI EMU UCITS DR ETF,CMUN,MXN
CNC,CENTENE CORP,CNC,MXN
CNDXN,ISHARES NASDAQ 100 USD ACC,CNDXN,MXN
CNEN,CANACOL ENERGY LTD,CNEN,MXN
CNIN,CANADIAN NATL RAILWAY CO,CNIN,MXN
CNXT,VANECK CAMC SME-CHINEXT,CNXT,MXN
CNYAN,ISHARES MSCI CHINA A,CNYAN,MXN
CNYAU,ISHARES MSCI CHINA A ETF,CNYAU,MXN
COF,CAPITAL ONE FINANCIAL CORP,COF,MXN
COG,CABOT OIL &amp; GAS CORP,COG,MXN
COLLADO,G COLLADO SAB DE CV,COLLADO,MXN
CONN,CONTINENTAL AG,CONN,MXN
CONVERA,CONVERTIDORA INDUSTRIAL SA-A,CONVERA,MXN
COO,COOPER COS INC/THE,COO,MXN
COP,CONOCOPHILLIPS,COP,MXN
COP1N,COMPUGROUP MEDICAL SE,COP1N,MXN
COPX,GLOBAL X COPPER MINERS ETF,COPX,MXN
CORPTRCIS,ISHARES MEXICO CORP BOND TR,CORPTRCISHRS,MXN
COST,COSTCO WHOLESALE CORP,COST,MXN
COUP,COUPA SOFTWARE INC,COUP,MXN
CP9UN,AMUNDI INDEX SOLUTIONS - AMU,CP9UN,MXN
CPAN,COPA HOLDINGS SA-CLASS A,CPAN,MXN
CPB,CAMPBELL SOUP CO,CPB,MXN
CPGN,COMPASS GROUP PLC,CPGN,MXN
CPRIN,CAPRI HOLDINGS LTD,CPRIN,MXN
CPRT,COPART INC,CPRT,MXN
CPXJN,ISHARES CORE MSCI PACIF X-JP,CPXJN,MXN
CRBN,ISHARES MSCI ACWI LOW CARBON,CRBN,MXN
CREAL,CREDITO REAL SAB DE CV SOFOM,CREAL,MXN
CRI,CARTER'S INC,CRI,MXN
CRM,SALESFORCE.COM INC,CRM,MXN
CRPAN,ISHARES GLOBAL CORP USD ACC,CRPAN,MXN
CRPSN,ISHARES GLOBAL CORP,CRPSN,MXN
CRUDN,WT WTI CRUDE OIL,CRUDN,MXN
CSCO,CISCO SYSTEMS INC,CSCO,MXN
CSKRN,ISHARES MSCI KOREA USD ACC,CSKRN,MXN
CSLN,CSL LIMITED,CSLN,MXN
CSN,CREDIT SUISSE GROUP-SPON ADR,CSN,MXN
CSPXN,ISHARES CORE S&amp;P 500,CSPXN,MXN
CSRUN,ISHARES MSCI RUSSIA ADR/GDR,CSRUN,MXN
CST,CST BRANDS INC,CST,MXN
CSTPN,SPDR EUROPE CON STAPLES,CSTPN,MXN
CSUKN,ISHARES MSCI UK GBP ACC,CSUKN,MXN
CSUSN,ISHARES MSCI USA USD ACC,CSUSN,MXN
CSX,CSX CORP,CSX,MXN
CTL,CENTURYLINK INC,CTL,MXN
CTLT,CATALENT INC,CTLT,MXN
CTSH,COGNIZANT TECH SOLUTIONS-A,CTSH,MXN
CTTN,CTT-CORREIOS DE PORTUGAL,CTTN,MXN
CTVA,CORTEVA INC,CTVA,MXN
CTXS,CITRIX SYSTEMS INC,CTXS,MXN
CUERVO,BECLE SAB DE CV,CUERVO,MXN
CULTIBAB,ORGANIZACION CULTIBA SAB CV,CULTIBAB,MXN
CUSSN,ISHARES MSCI US SML CAP ACC,CUSSN,MXN
CV9N,AMUNDI MSCI ERP VALUE FACTOR,CV9N,MXN
CVS,CVS HEALTH CORP,CVS,MXN
CVX,CHEVRON CORP,CVX,MXN
CWEB,DRX DLY CHINA INT BULL 2X,CWEB,MXN
CWI,SPDR MSCI ACWI EX-US,CWI,MXN
CXO,CONCHO RESOURCES INC,CXO,MXN
CXSE,WISDOMTREE CHINA EX-ST OW,CXSE,MXN
CYAGFN,CYBERAGENT INC,CYAGFN,MXN
CYDSASAA,CYDSA SAB DE CV,CYDSASAA,MXN
D5BLN,X MSCI EUROPE VALUE,D5BLN,MXN
DAIF N,DAIFUKU CO LTD,DAIF N,MXN
DAIN,DAIMLER AG-REGISTERED SHARES,DAIN,MXN
DANHOS13,CONCENTRADORA FIBRA DANHOS S,DANHOS13,MXN
DATA,TABLEAU SOFTWARE INC-CL A,DATA,MXN
DB1N,DEUTSCHE BOERSE AG,DB1N,MXN
DBAW,XTRACKERS MSCI ALL WORLD EX,DBAW,MXN
DBEF,XTRACKERS MSCI EAFE HEDGED E,DBEF,MXN
DBEM,XTRACKERS MSCI EMERGING MARK,DBEM,MXN
DBEU,XTRACKERS MSCI EUROPE HEDGED,DBEU,MXN
DBGR,XTRACKERS MSCI GERMANY HEDGE,DBGR,MXN
DBJP,XTRACKERS MSCI JAPAN HEDGED,DBJP,MXN
DBN,DEUTSCHE BANK AG-REGISTERED,DBN,MXN
DBX,DROPBOX INC-CLASS A,DBX,MXN
DD,DUPONT DE NEMOURS INC,DD,MXN
DDD,3D SYSTEMS CORP,DDD,MXN
DDMXN,DD3 ACQUISITION CORP,DDMXN,MXN
DDWM,WISDOMTREE DY CUR HDG INTL,DDWM,MXN
DE,DEERE &amp; CO,DE,MXN
DELLC,DELL TECHNOLOGIES -C,DELLC,MXN
DEM,WISDOMTREE EMERGING MARKETS,DEM,MXN
DEMRN,WISDOMTREE EM EQ INC ACC,DEMRN,MXN
DEON,DIAGEO PLC-SPONSORED ADR,DEON,MXN
DES,WISDOMTREE US SMALLCAP DIVID,DES,MXN
DEUS,XTRACKERS RUSSELL 1000 COMPR,DEUS,MXN
DFE,WISDOMTREE EUR S/C DIVIDEND,DFE,MXN
DFEAN,WISDOMTREE EU SMCP DIV ACC,DFEAN,MXN
DFS,DISCOVER FINANCIAL SERVICES,DFS,MXN
DGEN,DIAGEO PLC,DGEN,MXN
DGG,DOLLAR GENERAL CORP,DGG,MXN
DGRAN,WISDOMTREE US QLY DIV GRWTH,DGRAN,MXN
DGRO,ISHARES CORE DIVIDEND GROWTH,DGRO,MXN
DGRW,WISDOMTREE U.S. QUALITY DIVI,DGRW,MXN
DGTLN,ISHARES DIGITALISATION,DGTLN,MXN
DGX,QUEST DIAGNOSTICS INC,DGX,MXN
DHI,DR HORTON INC,DHI,MXN
DHR,DANAHER CORP,DHR,MXN
DHS,WISDOMTREE US HIGH DIVIDEND,DHS,MXN
DHSAN,WISDOMTREE US EQ INC ACC,DHSAN,MXN
DIA,SPDR DJIA TRUST,DIA,MXN
DIABLOI10,DIABLOI 10,DIABLOI10,MXN
DIDAN,DISTRIBUIDORA INTERNACIONAL,DIDAN,MXN
DIEN,D'IETEREN SA/NV,DIEN,MXN
DINEA,DINE S.A.B. DE C.V.-SER A,DINEA,MXN
DINEB,DINE S.A.B. DE C.V.,DINEB,MXN
DIS,WALT DISNEY CO/THE,DIS,MXN
DISCA,DISCOVERY INC - A,DISCA,MXN
DISH,DISH NETWORK CORP-A,DISH,MXN
DIV,GLOBAL X SUPERDIVIDEND USE,DIV,MXN
DLPHN,DELPHI TECHNOLOGIES PLC,DLPHN,MXN
DLRTRAC15,DOLAR TRAC,DLRTRAC15,MXN
DLS,WISDOMTREE INTL S/C DVD FUND,DLS,MXN
DLTR,DOLLAR TREE INC,DLTR,MXN
DMPN,DOMINO'S PIZZA ENTERPRISES L,DMPN,MXN
DMRI,DELTASHARES S&amp;P INT MGD RISK,DMRI,MXN
DMRL,DELTASHARES S&amp;P 500 MGD RISK,DMRL,MXN
DMRM,DELTASHARES S&amp;P 400 MGD RISK,DMRM,MXN
DMRS,DELTASHARES S&amp;P 600 MGD RISK,DMRS,MXN
DNOW,NOW INC,DNOW,MXN
DO,DIAMOND OFFSHORE DRILLING,DO,MXN
DOCU,DOCUSIGN INC,DOCU,MXN
DOL,WISDOMTREE INTL L/C DVD FUND,DOL,MXN
DOMN,GLOBAL DOMINION ACCESS SA,DOMN,MXN
DON,WISDOMTREE US MIDCAP DIVIDEN,DON,MXN
DOO,WISDOMTREE INTL DVD EX-FIN,DOO,MXN
DOW1,DOW INC,DOW1,MXN
DPHN,DECHRA PHARMACEUTICALS PLC,DPHN,MXN
DPK,DIREXION DLY DEV MKT BEAR 3X,DPK,MXN
DPYAN,ISH DVL MKT PRPTY YLD USD A,DPYAN,MXN
DPZ,DOMINO'S PIZZA INC,DPZ,MXN
DRIP,DRX DLY OIL &amp; GAS BEAR 3X,DRIP,MXN
DRIV,GLOBAL X AUTONOMOUS&amp;ELEC-ETF,DRIV,MXN
DRLCON,DRILLING CO OF 1972/THE,DRLCON,MXN
DRN,DRX DLY REAL ESTATE BULL 3X,DRN,MXN
DRVV,DRX DLY REAL ESTATE BEAR 3X,DRVV,MXN
DSI,ISHARES MSCI KLD 400 SOCIAL,DSI,MXN
DSMN,KONINKLIJKE DSM NV,DSMN,MXN
DSYN,DASSAULT SYSTEMES SA,DSYN,MXN
DTD,WISDOMTREE US TOTAL DIVIDEND,DTD,MXN
DTEN,DEUTSCHE TELEKOM AG-REG,DTEN,MXN
DTLAN,ISH USD TRES 20PLUS YR USD A,DTLAN,MXN
DTN,WISDOMTREE US DIVIDEND EX-FI,DTN,MXN
DUEN,DUERR AG,DUEN,MXN
DUFNN,DUFRY AG-REG,DUFNN,MXN
DUK,DUKE ENERGY CORP,DUK,MXN
DURA,VANECK MSTAR DURABLE DIVIDND,DURA,MXN
DUST,DRX DLY GOLD MINERS BEAR 3X,DUST,MXN
DVA,DAVITA INC,DVA,MXN
DVN,DEVON ENERGY CORP,DVN,MXN
DVYE,ISHARES EMERGING MARKETS DIV,DVYE,MXN
DWM,WISDOMTREE INTERNATIONAL EQU,DWM,MXN
DX2GN,X CAC 40,DX2GN,MXN
DX2XN,X STOXX EUROPE 600,DX2XN,MXN
DXC,DXC TECHNOLOGY CO,DXC,MXN
DXCM,DEXCOM INC,DXCM,MXN
DXETN,X EURO STOXX 50 1C,DXETN,MXN
DXGE,WISDOMTREE GERMANY HEDGED EQ,DXGE,MXN
DXGYN,WISDOMTREE GER EQUITY-EUR AC,DXGYN,MXN
DXJ,WISDOMTREE JAPAN HEDGED EQ,DXJ,MXN
DXJAN,WISDOMTREE JAPAN USD HGD ACC,DXJAN,MXN
DXJS,WISDOMTREE JAPAN HEDGED SMAL,DXJS,MXN
DXJZN,WISDOMTREE JAPAN EQY-JPY ACC,DXJZN,MXN
DXSFN,X STOXX600 BANKS SWAP,DXSFN,MXN
DXSZN,XII USD RATE SWAP,DXSZN,MXN
DYLS,WISDOMTREE DYN L/S US EQ ETF,DYLS,MXN
DZK,DIREXION DLY DEV MKT BULL 3X,DZK,MXN
EA,ELECTRONIC ARTS INC,EA,MXN
EAGG,ISHARES ESG US AGGREGATE BON,EAGG,MXN
EATN,AMREST HOLDINGS SE,EATN,MXN
EBAY,EBAY INC,EBAY,MXN
EBIZ,GLOBAL X E-COMMERCE ETF,EBIZ,MXN
EBND,SPDR BBG BARC EM LOCAL BOND,EBND,MXN
EBON,ERSTE GROUP BANK AG,EBON,MXN
ECL,ECOLAB INC,ECL,MXN
EDC,DIREXION DLY EMG MKT BULL 3X,EDC,MXN
EDEN,ISHARES MSCI DENMARK ETF,EDEN,MXN
EDMJN,ISH MSCI JPN ESG EHNCD USD-A,EDMJN,MXN
EDMUN,ISH MSCI USA ESG EHNCD USD-A,EDMUN,MXN
EDMWN,ISH MSCI WLD ESG EHNCD USD-A,EDMWN,MXN
EDOARDOB,EDOARDOS MARTIN SAB-SER B,EDOARDOB,MXN
EDZ,DIREXION DLY EMG MKT BEAR 3X,EDZ,MXN
EEIAN,WISDOMTREE EU EQ INC ACC,EEIAN,MXN
EEM,ISHARES MSCI EMERGING MARKET,EEM,MXN
EEMV,ISHARES EDGE MSCI MIN VOL EM,EEMV,MXN
EES,WISDOMTREE US SMALLCAP FUND,EES,MXN
EFAS,GLOBAL X MSCI SUPERDIVIDEND,EFAS,MXN
EFAV,ISHARES EDGE MSCI MIN VOL EA,EFAV,MXN
EFIMN,INVESCO GS EQ FACTOR EM,EFIMN,MXN
EFIWN,INVESCO GS EQ FACTOR WORLD,EFIWN,MXN
EFNL,ISHARES MSCI FINLAND ETF,EFNL,MXN
EGUSASN,UBS ETF MSCI EMERG. MARK.,EGUSASN,MXN
EHC,ENCOMPASS HEALTH CORP,EHC,MXN
EIDO,ISHARES MSCI INDONESIA ETF,EIDO,MXN
EIMIN,ISHARES CORE EM IMI ACC,EIMIN,MXN
EIRL,ISHARES MSCI IRELAND ETF,EIRL,MXN
EIX1,EDISON INTL,EIX1,MXN
EKTN,EUSKALTEL SA,EKTN,MXN
EL,ESTEE LAUDER COMPANIES-CL A,EL,MXN
ELAN,ELANCO ANIMAL HEALTH INC,ELAN,MXN
ELEKTRA,GRUPO ELEKTRA SAB DE CV,ELEKTRA,MXN
ELEMENT,ELEMENTIA SAB DE CV,ELEMENT,MXN
ELISN,ELIS SA,ELISN,MXN
ELUN,ESSILORLUXOTTICA,ELUN,MXN
EMADN,SPDR EM ASIA,EMADN,MXN
EMBMXXN,ISHARES JPM USD EM BND MXNHA,EMBMXXN,MXN
EMCAN,ISHARES JPM USD EM CRP USD A,EMCAN,MXN
EMCRN,ISHARES JPM USD EM CORP BND,EMCRN,MXN
EMGAN,ISHARES JPM EM LCL GOV USD-A,EMGAN,MXN
EMGF,ISHARES EDGE MSCI MF EM MKT,EMGF,MXN
EMHY,ISHARES EMERGING MARKETS HIG,EMHY,MXN
EMLC1N,VANECK JPM EM LOC CUR BD ETF,EMLC1N,MXN
EMMUSCN,UBS ETF MSCI EM USD A-ACC,EMMUSCN,MXN
EMMVN,ISHARES EDGE MSCI EM MIN VOL,EMMVN,MXN
EMN,EASTMAN CHEMICAL CO,EMN,MXN
EMSALN N,ISHARES JPM ESG USD EM BD A,EMSALN N,MXN
EMSDN,SPDR EM SMALL CAP,EMSDN,MXN
EMUAAN,UBS ETF MSCI EMU A ACC,EMUAAN,MXN
EMUUN,ISHARES MSCI EMU USD-H ACC,EMUUN,MXN
EN,ENI SPA-SPONSORED ADR,EN,MXN
ENDPN,ENDO INTERNATIONAL PLC,ENDPN,MXN
ENELN,ENEL SPA,ENELN,MXN
ENGI,ENGIE,ENGI,MXN
ENGYN,SPDR EUROPE ENERGY,ENGYN,MXN
ENOR,ISHARES MSCI NORWAY ETF,ENOR,MXN
EOANN,E.ON SE,EOANN,MXN
EOG,EOG RESOURCES INC,EOG,MXN
EPAM,EPAM SYSTEMS INC,EPAM,MXN
EPHE,ISHARES MSCI PHILIPPINES ETF,EPHE,MXN
EPIAN,EPIROC AB-A,EPIAN,MXN
EPIEN,WISDOMTREE INDIA QUALITY ACC,EPIEN,MXN
EPP,ISHARES MSCI PACIFIC EX JAPA,EPP,MXN
EPS,WISDOMTREE US LARGECAP FUND,EPS,MXN
EQACN,INVESCO NASDAQ 100 ACC,EQACN,MXN
ERICN,ERICSSON (LM) TEL-SP ADR,ERICN,MXN
ERNAN,ISHARES ULTRASHRT BOND USD-A,ERNAN,MXN
ERNDN,ISHARES USD ULTRASHORT BOND,ERNDN,MXN
ERX,DIREXION DLY ENERGY BULL 3X,ERX,MXN
ERY,DIREXION DLY ENERGY BEAR 3X,ERY,MXN
ESGD,ISHARES ESG MSCI EAFE ETF,ESGD,MXN
ESGU,ISHARES TRUST ISHARES ESG MS,ESGU,MXN
ESGV,VANGUARD ESG US STOCK ETF,ESGV,MXN
ESML,ISHARES ESG MSCI USA SMALL-C,ESML,MXN
ESNTN,ESSENTRA PLC,ESNTN,MXN
ESSITYBN,ESSITY AKTIEBOLAG-B,ESSITYBN,MXN
ETEGN,NATIONAL BANK OF GREECE,ETEGN,MXN
ETFC,E*TRADE FINANCIAL CORPORATION,ETFC,MXN
ETLN,EUTELSAT COMMUNICATIONS,ETLN,MXN
ETN1N,EATON CORP PLC,ETN1N,MXN
EUFN,ISHARES MSCI EUROPE FINANCIA,EUFN,MXN
EUSA,ISHARES MSCI USA EQUAL WEIGH,EUSA,MXN
EUSC,WISDOMTREE EUROPE HEDG SM EQ,EUSC,MXN
EUXL,DRX DLY EURO STOXX50 BULL 3X,EUXL,MXN
EVTCN,EVERTEC INC,EVTCN,MXN
EW,EDWARDS LIFESCIENCES CORP,EW,MXN
EWC,ISHARES MSCI CANADA ETF,EWC,MXN
EWG,ISHARES MSCI GERMANY ETF,EWG,MXN
EWH,ISHARES MSCI HONG KONG ETF,EWH,MXN
EWI,ISHARES MSCI ITALY ETF,EWI,MXN
EWJ,ISHARES MSCI JAPAN ETF,EWJ,MXN
EWM,ISHARES MSCI MALAYSIA ETF,EWM,MXN
EWP,ISHARES MSCI SPAIN ETF,EWP,MXN
EWT,ISHARES MSCI TAIWAN ETF,EWT,MXN
EWY,ISHARES MSCI SOUTH KOREA ETF,EWY,MXN
EWZ,ISHARES MSCI BRAZIL ETF,EWZ,MXN
EXC,EXELON CORP,EXC,MXN
EXO1N,EXOR NV,EXO1N,MXN
EXPE,EXPEDIA GROUP INC,EXPE,MXN
EXPNN,EXPERIAN PLC,EXPNN,MXN
EXT,WISDOMTREE US TOTAL MARKET F,EXT,MXN
EXXUN,ISHR DJ CHINAOFFSHORE 50 DE,EXXUN,MXN
EZEN,GRUPO EZENTIS SA,EZEN,MXN
EZM,WISDOMTREE US MIDCAP FUND,EZM,MXN
EZU,ISHARES MSCI EUROZONE ETF,EZU,MXN
F,FORD MOTOR CO,F,MXN
FAB,FIRST TRUST MULTI CAP VALUE,FAB,MXN
FANG,DIAMONDBACK ENERGY INC,FANG,MXN
FANUN,FANUC CORP,FANUN,MXN
FAS,DIREXION DAILY FIN BULL 3X,FAS,MXN
FAST,FASTENAL CO,FAST,MXN
FAZ,DIREXION DAILY FIN BEAR 3X,FAZ,MXN
FB,FACEBOOK INC-CLASS A,FB,MXN
FBT,FIRST TRUST NYSE ARCA BIOTEC,FBT,MXN
FBZ,FIRST TRUST BRAZIL,FBZ,MXN
FCG,FIRST TRUST NATURAL GAS ETF,FCG,MXN
FCTR,FIRST TRUST LUNT US FACTOR,FCTR,MXN
FCX,FREEPORT-MCMORAN INC,FCX,MXN
FDD,FIRST TRUST STOXX EUROPE,FDD,MXN
FDL,FIRST TRUST MORN DVD LEAD IN,FDL,MXN
FDM,FIRST TRUST DOW J SELECT MIC,FDM,MXN
FDN,FIRST TRUST DJ INTERNET IND,FDN,MXN
FDNI,FIRST TRUST DOW JONES INTL,FDNI,MXN
FDNUN,FIRST TRUST DJ INTERNET ETF,FDNUN,MXN
FDRN,FLUIDRA SA,FDRN,MXN
FDT,FIRST TRUST DEVELP MKT EX-US,FDT,MXN
FDX,FEDEX CORPORATION,FDX,MXN
FE,FIRSTENERGY CORP,FE,MXN
FECN,FRONTERA ENERGY CORP,FECN,MXN
FEM,FIRST TRUST EMERGING MARKETS,FEM,MXN
FEMS,FIRST TRUST EMERGING MARKETS,FEMS,MXN
FEMSAUB,FOMENTO ECONOMICO MEXICAN-UB,FEMSAUB,MXN
FEMSAUBD,FOMENTO ECONOMICO MEXICA-UBD,FEMSAUBD,MXN
FEMUN,FIRST TRUST EMERGING MARKETS,FEMUN,MXN
FEP,FIRST TRUST EUROPE,FEP,MXN
FEUZ,FIRST TRUST EUROZONE ALPHADE,FEUZ,MXN
FEX,FIRST TRUST LARGE CAP CORE A,FEX,MXN
FEXUN,FIRST TRUST US LARGE CAP COR,FEXUN,MXN
FFHN,FAIRFAX FINANCIAL HLDGS LTD,FFHN,MXN
FFIV,F5 NETWORKS INC,FFIV,MXN
FFR,FT FTSE EPRA/NAREIT REAL EST,FFR,MXN
FGD,FIRST TRUST DJ GL SEL DVD,FGD,MXN
FGEN,FIBROGEN INC,FGEN,MXN
FGM,FIRST TRUST GERMANY,FGM,MXN
FHIPO14,CONCENTRADORA HIPOTECARIA SA,FHIPO14,MXN
FIBR,ISHRS EDGE US FIXED INC BAL,FIBR,MXN
FIBRAHD15,FIBRA HD SERVICIOS SC,FIBRAHD15,MXN
FIBRAMQ12,MACQUARIE MEXICO REAL ESTATE,FIBRAMQ12,MXN
FIBRAPL14,PROLOGIS PROPERTY MEXICO SA,FIBRAPL14,MXN
FIBRATC14,FIBRATC,FIBRATC14,MXN
FIHO12,CONCENTRADORA FIBRA HOTELERA,FIHO12,MXN
FINDEP,FINANCIERA INDEPENDENCIA SAB,FINDEP,MXN
FINN13,ASESOR DE ACTIVOS PRISMA SAP,FINN13,MXN
FINX,GLOBAL X FINTECH ETF,FINX,MXN
FIS,FIDELITY NATIONAL INFO SERV,FIS,MXN
FISV,FISERV INC,FISV,MXN
FJP,FIRST TRUST JAPAN,FJP,MXN
FJPUN,FIRST TRUST JAPAN ALPHADEX,FJPUN,MXN
FKU,FIRST TRUST UNITED KINGDOM,FKU,MXN
FLAX,FRANKLIN FTSE ASIA EX JAPAN,FLAX,MXN
FLBR,FRANKLIN FTSE BRAZIL ETF,FLBR,MXN
FLCA,FRANKLIN FTSE CANADA ETF,FLCA,MXN
FLCH,FRANKLIN FTSE CHINA ETF,FLCH,MXN
FLEE,FRANKLIN FTSE EUROPE ETF,FLEE,MXN
FLEH,FRANKLIN FTSE EUROPE HEDGED,FLEH,MXN
FLEXN,FLEX LTD,FLEXN,MXN
FLGR,FRANKLIN FTSE GERMANY ETF,FLGR,MXN
FLIN,FRANKLIN FTSE INDIA ETF,FLIN,MXN
FLJH,FRANKLIN FTSE JPN HEDGED ETF,FLJH,MXN
FLJP,FRANKLIN FTSE JAPAN ETF,FLJP,MXN
FLKR,FRANKLIN FTSE SOUTH KOREA,FLKR,MXN
FLMX,FRANKLIN FTSE MEXICO ETF,FLMX,MXN
FLN,FIRST TRUST LATIN AMERICA,FLN,MXN
FLOAN,ISH USD FLOAT BOND USD ACC,FLOAN,MXN
FLOT,ISHARES FLOATING RATE BOND E,FLOT,MXN
FLQL,FRANKLIN LIBERTYQ US EQUITY,FLQL,MXN
FLR,FLUOR CORP,FLR,MXN
FLRN,SPDR BBG BARC IG FLOATING RT,FLRN,MXN
FLT,FLEETCOR TECHNOLOGIES INC,FLT,MXN
FLTR,VANECK INVGRD FLOATING RATE,FLTR,MXN
FLTW,FRANKLIN FTSE TAIWAN ETF,FLTW,MXN
FLXEN,FRKLQ EMERGING MARKETS ETF,FLXEN,MXN
FLXUN,FRK LQ US EQUITY UCITS ETF,FLXUN,MXN
FM,ISHARES MSCI FRONTIER 100,FM,MXN
FMEN,FRESENIUS MEDICAL CARE AG &amp;,FMEN,MXN
FMTY14,FIBRA MTY SAPI DE CV,FMTY14,MXN
FNCLN,SPDR EUROPE FINANCIALS,FNCLN,MXN
FNI,FIRST TRUST CHINDIA ETF,FNI,MXN
FNVN,FRANCO-NEVADA CORP,FNVN,MXN
FNX,FIRST TRUST MID CAP CORE ALP,FNX,MXN
FNY,FIRST TRUST MID CAP GROWTH,FNY,MXN
FOX1,FOX CORP - CLASS B,FOX1,MXN
FPA,FIRST TRUST ASIA PAC EX-JAPN,FPA,MXN
FPX,FIRST TRUST US EQUITY OPPORT,FPX,MXN
FPXUN,FIRST TRUST US EQY OPRTNTY,FPXUN,MXN
FRAGUAB,CORPORATIVO FRAGUA SAB DE CV,FRAGUAB,MXN
FRC,FIRST REPUBLIC BANK/CA,FRC,MXN
FREN,FRESENIUS SE &amp; CO KGAA,FREN,MXN
FRES,FRESNILLO PLC,FRES,MXN
FRMXNXN,ISHARES USD FLOATING MXN-H A,FRMXNXN,MXN
FRT,VALEO SA,FRT,MXN
FSHOP13,FIBRA SHOP PORTAFOLIOS INMOB,FSHOP13,MXN
FSLR,FIRST SOLAR INC,FSLR,MXN
FTA,FIRST TRUST L C VAL ALP,FTA,MXN
FTC,FIRST TRUST LARGE CAP GROWTH,FTC,MXN
FTCS,FIRST TRUST CAPITAL STRENGTH,FTCS,MXN
FTEUN,FIRST TRUST EUROZONE ALPHADX,FTEUN,MXN
FTNT,FORTINET INC,FTNT,MXN
FTV,FORTIVE CORP,FTV,MXN
FTXO,FIRST TRUST NASDAQ BANK ETF,FTXO,MXN
FUNO11,FIBRA UNO ADMINISTRACION SA,FUNO11,MXN
FUSAN,FIDELITY US QUAL INCOME-ACC,FUSAN,MXN
FV,FIRST TRUST DW FOCUS 5 FUND,FV,MXN
FVD,FIRST TRUST VALUE LINE DVD,FVD,MXN
FVIN,FORTUNA SILVER MINES INC,FVIN,MXN
FXD,FIRST TRUST CONSUMER DISCRET,FXD,MXN
FXG,FIRST TRUST CONSUMER STAPLES,FXG,MXN
FXH,FIRST TRUST HEALTH CARE ALPH,FXH,MXN
FXI,ISHARES CHINA LARGE-CAP ETF,FXI,MXN
FXL,FIRST TRUST TECHNOLOGY ALPHA,FXL,MXN
FXN,FIRST TRUST ENERGY ALPHADEX,FXN,MXN
FXO,FIRST TRUST FINANCIAL ALPHAD,FXO,MXN
FXR,FIRST TRUST INDST/PRODUCERS,FXR,MXN
FXU,FIRST TRUST UTILITIES ALPHAD,FXU,MXN
FXZ,FIRST TRUST MATERIALS ALPHAD,FXZ,MXN
FYC,FIRST TRUST SMALL CAP GROWTH,FYC,MXN
FYX,FIRST TRUST SMALL CAP CORE A,FYX,MXN
FYX1N,FIRST TRUST US SMALL CAP COR,FYX1N,MXN
GAAAN,ISHARES GLB AAA-AA GVT USD-A,GAAAN,MXN
GAGUN,AMUNDI BARCLAYS GL AGG 500M,GAGUN,MXN
GALPN,GALP ENERGIA SGPS SA,GALPN,MXN
GAPB,GRUPO AEROPORT DEL PACIFIC-B,GAPB,MXN
GASIN,ASSICURAZIONI GENERALI,GASIN,MXN
GASL,DIREXION DLY NAT GAS BULL 3X,GASL,MXN
GASX,DIREXION DLY NAT GAS BEAR 3X,GASX,MXN
GBIL,GOLDMAN SACHS ACCESS TREASUR,GBIL,MXN
GBMO,CORPORATIVO GBM SAB DE CV,GBMO,MXN
GCARSOA1,GRUPO CARSO SAB DE CV-SER A1,GCARSOA1,MXN
GCC,GRUPO CEMENTOS CHIHUAHUA,GCC,MXN
GCON,GRUPO CATALANA OCCIDENTE SA,GCON,MXN
GD,GENERAL DYNAMICS CORP,GD,MXN
GDDY,GODADDY INC - CLASS A,GDDY,MXN
GDX,VANECK GOLD MINERS,GDX,MXN
GDX1N,VANECK GOLD MINERS ETF,GDX1N,MXN
GDXJ1N,VANECK JR. GOLD MINERS ETF,GDXJ1N,MXN
GE,GENERAL ELECTRIC CO,GE,MXN
GEM,GOLDMAN SACHS ACTIVEBETA EM,GEM,MXN
GENSEG,GENERAL DE SEGUROS-SER *,GENSEG,MXN
GENTERA,GENTERA SAB DE CV,GENTERA,MXN
GENY,PRINCIPAL MILLENNIALS ETF,GENY,MXN
GEOB,CORPORACION GEO SAB-SER B,GEOB,MXN
GESTN,GESTAMP AUTOMOCION SA,GESTN,MXN
GEUPECB,GRUPO EMBOT UNIDAS SAB-SER B,GEUPECB,MXN
GFAMSAA,GRUPO FAMSA SAB-A,GFAMSAA,MXN
GFINBURO,GRUPO FINANCIERO INBURSA-O,GFINBURO,MXN
GFMULTIO,GRUPO FINANCIERO MULTIVA SAB,GFMULTIO,MXN
GFNORTEO,GRUPO FINANCIERO BANORTE-O,GFNORTEO,MXN
GGAN,GOLDGROUP MINING INC,GGAN,MXN
GHYB,GOLDMAN SACHS ACCESS HY CORP,GHYB,MXN
GICSAB,GRUPO GICSA SA DE CV,GICSAB,MXN
GIGANTE,GRUPO GIGANTE SAB-SER *,GIGANTE,MXN
GIGB,GOLDMAN SACHS INV GRD CORP,GIGB,MXN
GIS,GENERAL MILLS INC,GIS,MXN
GISSAA,GRUPO INDUSTRIAL SALTILLO,GISSAA,MXN
GIVNN,GIVAUDAN-REG,GIVNN,MXN
GLAGN,SPDR BBGBARC GLOBAL AGG ETF,GLAGN,MXN
GLBN,GLANBIA PLC,GLBN,MXN
GLEN,SOCIETE GENERALE SA,GLEN,MXN
GLENN,GLENCORE PLC,GLENN,MXN
GLNGN,GOLAR LNG LTD,GLNGN,MXN
GM,GENERAL MOTORS CO,GM,MXN
GMACMAB,INGEAL SAB DE CV-B,GMACMAB,MXN
GMD,GRUPO MEXICANO DE DESARROLLO,GMD,MXN
GMED,GLOBUS MEDICAL INC - A,GMED,MXN
GMEXICOB,GRUPO MEXICO SAB DE CV-SER B,GMEXICOB,MXN
GMXT,GMEXICO TRANSPORTES SAB DE C,GMXT,MXN
GNC,GNC HOLDINGS INC-CL A,GNC,MXN
GNCGN,GREENCORE GROUP PLC,GNCGN,MXN
GNK,GENCO SHIPPING &amp; TRADING LTD,GNK,MXN
GNP,GRUPO NACIONAL PROVINCIAL SA,GNP,MXN
GOAT,VANECK GLBL WIDE MOAT,GOAT,MXN
GOEX,GLOBAL X GOLD EXPLORERS ETF,GOEX,MXN
GOLDN,BARRICK GOLD CORP,GOLDN,MXN
GOMO,GRUPO COMERCIAL GOMO S.A.,GOMO,MXN
GOOG,ALPHABET INC-CL C,GOOG,MXN
GOOGL,ALPHABET INC-CL A,GOOGL,MXN
GOVT,ISHARES US TREASURY BOND ETF,GOVT,MXN
GPH1,GRUPO PALACIO DE HIERRO-1,GPH1,MXN
GPN,GLOBAL PAYMENTS INC,GPN,MXN
GPROFUT,GRUPO PROFUTURO SAB DE CV,GPROFUT,MXN
GPRON,GOPRO INC-CLASS A,GPRON,MXN
GPS,GAP INC/THE,GPS,MXN
GREK,GLOBAL X MSCI GREECE ETF,GREK,MXN
GRPN,GROUPON INC,GRPN,MXN
GRUMAB,GRUMA S.A.B.-B,GRUMAB,MXN
GS,GOLDMAN SACHS GROUP INC,GS,MXN
GSANBORB-,GRUPO SANBORNS SAB DE CV,GSANBORB-1,MXN
GSEU,GOLDMAN ACTIVEBTA EUR EQ ETF,GSEU,MXN
GSIE,GOLDMAN SACHS ACTIVEBETA INT,GSIE,MXN
GSJN,GRUPO EMPRESARIAL SAN JOSE,GSJN,MXN
GSJY,GOLDMAN ACTIVEBETA JP EQ ETF,GSJY,MXN
GSKN,GLAXOSMITHKLINE PLC-SPON ADR,GSKN,MXN
GSLC,GOLDMAN ACTIVEBETA US LC ETF,GSLC,MXN
GSSC,GOLDMAN SACHS ACTIVEBETA US,GSSC,MXN
GT,GOODYEAR TIRE &amp; RUBBER CO,GT,MXN
GTX,GARRETT MOTION INC,GTX,MXN
GUSH,DRX DLY OIL &amp; GAS BULL 3X,GUSH,MXN
GVIP,GOLD SACHS HEDGE IND VIP ETF,GVIP,MXN
HACK,ETFMG PRIME CYBER SECURITY E,HACK,MXN
HAL,HALLIBURTON CO,HAL,MXN
HAO,INVESCO CHINA SMALL CAP ETF,HAO,MXN
HAS,HASBRO INC,HAS,MXN
HBAN,HUNTINGTON BANCSHARES INC,HBAN,MXN
HBCN,HSBC HOLDINGS PLC-SPONS ADR,HBCN,MXN
HCA,HCA HEALTHCARE INC,HCA,MXN
HCITY,HOTELES CITY EXPRESS SAB DE,HCITY,MXN
HD,HOME DEPOT INC,HD,MXN
HDV,ISHARES CORE HIGH DIVIDEND E,HDV,MXN
HEALN,ISHR HEALTHCARE INNOVATION,HEALN,MXN
HEDFN,WISDOMTREE EUR EQUITY-EUR AC,HEDFN,MXN
HEDKN,WISDOMTREE EU EQ ACC USD HDG,HEDKN,MXN
HEEM,ISHARES CRNCY HEDGD MSCI EM,HEEM,MXN
HEEN,HELLENIC EXCHANGES - ATHENS,HEEN,MXN
HEFA,ISHA CURR HEDGED MSCI EAFE,HEFA,MXN
HEIAN,HEINEKEN NV,HEIAN,MXN
HEIN,HEIDELBERGCEMENT AG,HEIN,MXN
HEION,HEINEKEN HOLDING NV,HEION,MXN
HERDEZ,GRUPO HERDEZ SAB-SERIES *,HERDEZ,MXN
HEWG,ISHA HEDGED MSCI GERMANY,HEWG,MXN
HEWJ,ISHA CURR HEDGED MSCI JAPAN,HEWJ,MXN
HEWU,ISHARES CURR HEDGED MSCI UK,HEWU,MXN
HEXABN,HEXAGON AB-B SHS,HEXABN,MXN
HEZU,ISHARES CURRENCY HEDGED MSCI,HEZU,MXN
HHC,HOWARD HUGHES CORP/THE,HHC,MXN
HIKN,HIKMA PHARMACEUTICALS PLC,HIKN,MXN
HIMEXSAA,HIMEXSA SAB DE CV,HIMEXSAA,MXN
HIMEXSAB,HILASAL MEXICANA SAB-B,HIMEXSAB,MXN
HLEN,HELLA GMBH &amp; CO KGAA,HLEN,MXN
HLI,HOULIHAN LOKEY INC,HLI,MXN
HLQDN,ISH USD CORP INT HDG - USD A,HLQDN,MXN
HLT,HILTON INC,HLT,MXN
HLTHN,SPDR EUROPE HEALTH CARE,HLTHN,MXN
HMBN,HENNES &amp; MAURITZ AB-B SHS,HMBN,MXN
HMCN,HONDA MOTOR CO LTD-SPONS ADR,HMCN,MXN
HNSAN,HANSA BIOPHARMA AB,HNSAN,MXN
HOG,HARLEY-DAVIDSON INC,HOG,MXN
HOLX,HOLOGIC INC,HOLX,MXN
HOMEX,DESARROLLADORA HOMEX SAB DE,HOMEX,MXN
HON,HONEYWELL INTERNATIONAL INC,HON,MXN
HOTEL,GRUPO HOTELERO SANTA FE SAB,HOTEL,MXN
HPE,HEWLETT PACKARD ENTERPRISE,HPE,MXN
HPQ,HP INC,HPQ,MXN
HRI,HERC HOLDINGS INC,HRI,MXN
HSPX,GLOBAL X S&amp;P 500 COVE CALL E,HSPX,MXN
HSY,HERSHEY CO/THE,HSY,MXN
HTZ,HERTZ GLOBAL HOLDINGS INC,HTZ,MXN
HUBB,HUBBELL INC,HUBB,MXN
HUBNN,HUBER + SUHNER AG-REG,HUBNN,MXN
HUM,HUMANA INC,HUM,MXN
HXTUN,HORIZONS S&amp;P/TSX 60 INDEX ET,HXTUN,MXN
HYDB,ISHARES EDGE HIGH YIELD DEFE,HYDB,MXN
HYEM,VANECK EM HIGH YIELD BOND,HYEM,MXN
HYGUN,ISHARES EUR HY CORP USD-H A,HYGUN,MXN
HYLAN,ISHARES GLOBAL HY CORP-ACC,HYLAN,MXN
HYLB,XTRACKERS USD HIGH YIELD COR,HYLB,MXN
HYLDN,ISHARES GLOBAL HY CORP-DISTR,HYLDN,MXN
HYUP,XTRS HI BETA HI YIELD ETF,HYUP,MXN
HYZD,WISDOMTREE INTEREST RATE HED,HYZD,MXN
IASASA,INDUSTRIA AUTOMOTRIZ SA-*,IASASA,MXN
IAU,ISHARES GOLD TRUST,IAU,MXN
IAUPN,ISHARES GOLD PRODUCERS,IAUPN,MXN
IAUSN,ISHARES MSCI AUSTRALIA,IAUSN,MXN
IB01N,ISHARES US TREAS 0-1YR USD A,IB01N,MXN
IB1MXXN,ISHARES US TREAS 0-1YR MXN,IB1MXXN,MXN
IBB,ISHARES NASDAQ BIOTECHNOLOGY,IBB,MXN
IBCIN,ISHARES EURO INFL-LKD GOVT,IBCIN,MXN
IBCXN,ISHARES EURO CORP LARGE CAP,IBCXN,MXN
IBDK,ISHARES IBONDS DEC 2019 TERM,IBDK,MXN
IBDL,ISHARES IBONDS DEC 2020 TERM,IBDL,MXN
IBDM,ISHARES IBONDS DEC 2021 TERM,IBDM,MXN
IBDN,ISHARES IBONDS DEC 2022 TERM,IBDN,MXN
IBDO,ISHARES IBONDS DEC 2023 TERM,IBDO,MXN
IBDP,ISHARES IBONDS DEC 2024 TERM,IBDP,MXN
IBDQ,ISHARES IBONDS DEC 2025 TERM,IBDQ,MXN
IBDR,ISHARES IBONDS DEC 2026 TERM,IBDR,MXN
IBDS,ISHRS IBNDS DEC 27 CORP ETF,IBDS,MXN
IBEN,IBERDROLA SA,IBEN,MXN
IBKR,INTERACTIVE BROKERS GRO-CL A,IBKR,MXN
IBM,INTL BUSINESS MACHINES CORP,IBM,MXN
IBOC,INTERNATIONAL BANCSHARES CRP,IBOC,MXN
IBTAN,ISHARES USD TRSRY 1-3Y USD A,IBTAN,MXN
IBTMXXN,ISHARES USD TRSRY 1-3Y MXNHA,IBTMXXN,MXN
ICA,EMPRESAS ICA S.A.B,ICA,MXN
ICE,INTERCONTINENTAL EXCHANGE IN,ICE,MXN
ICF,ISHARES COHEN &amp; STEERS REIT,ICF,MXN
ICGAN,ISHARES MSCI CHINA USD ACC,ICGAN,MXN
ICHB,INDUSTRIAS CH S.A.B.-SER B,ICHB,MXN
ICOL,ISHARES MSCI COLOMBIA ETF,ICOL,MXN
ICOM N,ISH DIVERS COMMOD SWAP ETF,ICOM N,MXN
ICTP,INTERCEPT PHARMACEUTICALS IN,ICTP,MXN
IDAPN,ISHARES ASIA PAC DIVIDEND,IDAPN,MXN
IDEALB-1,IMPULSORA DEL DESARROLLO Y E,IDEALB-1,MXN
IDFXN,ISHARES CHINA LARGE CAP,IDFXN,MXN
IDIV,METAURUS US EQUITY CUMULATIV,IDIV,MXN
IDP6N,ISHARES S&amp;P SMALL CAP 600,IDP6N,MXN
IDTKN,ISHARES MSCI TURKEY,IDTKN,MXN
IDTLN,ISHARES USD TRES 20PLUS YR,IDTLN,MXN
IDTMN,ISHARES USD TREASURY 7-10Y,IDTMN,MXN
IDTPN,ISHARES USD TIPS,IDTPN,MXN
IDTWN,ISHARES MSCI TAIWAN,IDTWN,MXN
IDUPN,ISHARES US PROPERTY YIELD,IDUPN,MXN
IDVYN,ISHARES EURO DIVIDEND,IDVYN,MXN
IDWPN,ISHARES DVL MKT PROPERTY YLD,IDWPN,MXN
IEFA,ISHARES CORE MSCI EAFE ETF,IEFA,MXN
IEGLN,ISHARES EURO GOVT 15-30YR,IEGLN,MXN
IEMAN,ISHARES MSCI EM ACC,IEMAN,MXN
IEMBN,ISHARES JPM USD EM BND USD D,IEMBN,MXN
IEMG,ISHARES CORE MSCI EMERGING,IEMG,MXN
IEMLN,ISHARES JPM EM LCL GOV BND,IEMLN,MXN
IEMON,ISH EDGE MSCI ERP MOMENTUM,IEMON,MXN
IENOVA,INFRAESTRUCTURA ENERGETICA N,IENOVA,MXN
IEQUN,ISH EDGE MSCI ERP QUALITY,IEQUN,MXN
IESZN,ISHARES EDGE MSCI ERP SIZE,IESZN,MXN
IEUS,ISHARES MSCI EUROPE SMALL-CA,IEUS,MXN
IEUXN,ISHARES MSCI EUROPE EX-UK,IEUXN,MXN
IEV,ISHARES EUROPE ETF,IEV,MXN
IEVLN,ISHARES EDGE MSCI ERP VALUE,IEVLN,MXN
IEX,IDEX CORP,IEX,MXN
IFREN,ISHARES MSCI FRANCE,IFREN,MXN
IFRXN,INFLARX NV,IFRXN,MXN
IFSEN,ISH EDGE MSCI ERP MLTFCTR,IFSEN,MXN
IFSUN,ISHARES EDGE MSCI US MLTFCTR,IFSUN,MXN
IFV,FIRST TRUST DW FOCUS 5 INTL,IFV,MXN
IFXN,INFINEON TECHNOLOGIES AG,IFXN,MXN
IGAAN,ISH EM ASIA LOCAL GOVT USD A,IGAAN,MXN
IGEAN,ISHARES EM ASIA LOCAL GOVT,IGEAN,MXN
IGEB,ISHARES EDGE INVESTMENT GRAD,IGEB,MXN
IGILN,ISHARES GLBL INFL LNKD GOVT,IGILN,MXN
IGLAN,ISHARES GLOBAL GOV BND-ACC,IGLAN,MXN
IGLB,ISHARES LONG-TERM CORPORATE,IGLB,MXN
IGLON,ISHARES GLOBAL GOV BND-DISTR,IGLON,MXN
IGLTN,ISHARES CORE UK GILTS,IGLTN,MXN
IGOV,ISHARES INTERNATIONAL TREASU,IGOV,MXN
IGSUN,ISHARES GLOBAL SUST SCREENED,IGSUN,MXN
IGV,ISHARES EXPANDED TECH-SOFTWA,IGV,MXN
IHDG,WISDOMTREE INTERNATIONAL HED,IHDG,MXN
IHYAN,ISHARES USD HY CORP USD ACC,IHYAN,MXN
IHYGN,ISHARES EURO HY CORP,IHYGN,MXN
IHYMXXN,ISHARES USD HY CORP MXN-H A,IHYMXXN,MXN
IHYUN,ISHARES USD HY CORP USD DIST,IHYUN,MXN
IJH,ISHARES CORE S&amp;P MID-CAP ETF,IJH,MXN
IJPAN,ISHARES CORE MSCI JAPAN,IJPAN,MXN
IJPDN,ISHARES MSCI JAPAN USD-H ACC,IJPDN,MXN
IJR,ISHARES CORE S&amp;P SMALL-CAP E,IJR,MXN
ILF,ISHARES LATIN AMERICA 40 ETF,ILF,MXN
ILMN,ILLUMINA INC,ILMN,MXN
ILTB,ISHARES CORE 10+ YEAR USD BO,ILTB,MXN
IMBAN,ISHARES US MBS USD ACC,IMBAN,MXN
IMBN,IMPERIAL BRANDS PLC,IMBN,MXN
IMBSN,ISHARES US MBS USD DIST,IMBSN,MXN
IMEAN,ISHARES CORE MSCI EUROPE ACC,IMEAN,MXN
IMEUN,ISHARES CORE MSCI EUROPE,IMEUN,MXN
IMGN,IMMUNOGEN INC,IMGN,MXN
INCY,INCYTE CORP,INCY,MXN
INDA,ISHARES MSCI INDIA ETF,INDA,MXN
INDVN,INDIVIOR PLC,INDVN,MXN
INFON,IHS MARKIT LTD,INFON,MXN
INFR,LEGG MASON GLOBAL INFRASTR,INFR,MXN
INGCN,INGENICO GROUP,INGCN,MXN
INGEALB,INGEAL SAB DE CV-B,INGEALB,MXN
INGN,ING GROEP N.V.-SPONSORED ADR,INGN,MXN
INSM,INSMED INC,INSM,MXN
INTC,INTEL CORP,INTC,MXN
INTF,ISHARES EDGE MSCI MF INTL,INTF,MXN
INTRUMN,INTRUM AB,INTRUMN,MXN
INTU,INTUIT INC,INTU,MXN
INVEXA,INVEX CONTROLADORA SAB-A,INVEXA,MXN
INXGN,ISHARES GBP INDEX-LNK GILTS,INXGN,MXN
IOCN,INTEROIL CORPORATION,IOCN,MXN
IOGPN,ISHARES OIL &amp; GAS EXPL&amp;PROD,IOGPN,MXN
IONS,IONIS PHARMACEUTICALS INC,IONS,MXN
IP,INTERNATIONAL PAPER CO,IP,MXN
IPGP,IPG PHOTONICS CORP,IPGP,MXN
IPHS,INNOPHOS HOLDINGS INC,IPHS,MXN
IPOLN,ISHARES MSCI POLAND,IPOLN,MXN
IQV,IQVIA HOLDINGS INC,IQV,MXN
IRSANN,ISHARES MSCI SOUTH AFRICA,IRSANN,MXN
ISACN,ISHARES MSCI ACWI,ISACN,MXN
ISAGN,ISHARES AGRIBUSINESS,ISAGN,MXN
ISFDN,ISHARES COR FTSE 100-USD H-A,ISFDN,MXN
ISFN,ISHARES CORE FTSE 100,ISFN,MXN
ISPN,INTESA SANPAOLO,ISPN,MXN
ISRG,INTUITIVE SURGICAL INC,ISRG,MXN
ITB,ISHARES U.S. HOME CONSTRUCTI,ITB,MXN
ITECN,SPDR EUROPE TECHNOLOGY,ITECN,MXN
ITEHN,ISHARES ITALY GOVT BD USD-HA,ITEHN,MXN
ITRKN,INTERTEK GROUP PLC,ITRKN,MXN
ITW,ILLINOIS TOOL WORKS,ITW,MXN
ITXN,INDUSTRIA DE DISENO TEXTIL,ITXN,MXN
IUAAN,ISHARES US AGG BND USD ACC,IUAAN,MXN
IUAGN,ISHARES US AGG BND USD DIST,IUAGN,MXN
IUCDN,ISHARES S&amp;P CONSUMER DSCRTN,IUCDN,MXN
IUCMN,ISHARES S&amp;P500 COMMUNICATION,IUCMN,MXN
IUCSN,ISH S&amp;P500 CONSUMER STAPLES,IUCSN,MXN
IUESN,ISHARES S&amp;P 500 ENERGY,IUESN,MXN
IUFSN,ISHARES S&amp;P 500 FINANCIALS,IUFSN,MXN
IUHCN,ISHARES S&amp;P HEALTH CARE,IUHCN,MXN
IUISN,ISH S&amp;P500 INDUSTRIALS,IUISN,MXN
IUITN,ISHARES S&amp;P 500 IT SECTOR,IUITN,MXN
IUMON,ISHARES EDGE MSCI USA MMNTM,IUMON,MXN
IUMSN,ISH S&amp;P500 MATERIALS,IUMSN,MXN
IUQAN,ISHARES EDGE MSCI USA QLY,IUQAN,MXN
IUSV,ISHARES CORE S&amp;P U.S. VALUE,IUSV,MXN
IUSZN,ISHARES EDGE MSCI USA SIZE,IUSZN,MXN
IUUSN,ISH S&amp;P500 UTILITIES,IUUSN,MXN
IUVLN,ISHARES EDGE MSCI USA VALUE,IUVLN,MXN
IVNN,IVANHOE MINES LTD-CL A,IVNN,MXN
IVV,ISHARES CORE S&amp;P 500 ETF,IVV,MXN
IVVPESOIS,ISHARES S&amp;P PESO HEDGED TRAC,IVVPESOISHRS,MXN
IWC,ISHARES MICRO-CAP ETF,IWC,MXN
IWD,ISHARES RUSSELL 1000 VALUE E,IWD,MXN
IWDAN,ISHARES CORE MSCI WORLD,IWDAN,MXN
IWF,ISHARES RUSSELL 1000 GROWTH,IWF,MXN
IWMON,ISHR EDGE MSCI WRLD MOMENTUM,IWMON,MXN
IWN,ISHARES RUSSELL 2000 VALUE E,IWN,MXN
IWO,ISHARES RUSSELL 2000 GROWTH,IWO,MXN
IWQUN,ISHR EDGE MSCI WRLD QLY FCTR,IWQUN,MXN
IWRDN,ISHARES MSCI WORLD,IWRDN,MXN
IWSZN,ISHARES EDGE MSCI WRLD SIZE,IWSZN,MXN
IWVLN,ISHARES EDGE MSCI WRLD VALUE,IWVLN,MXN
IXUS,ISHARES CORE INTL STOCK ETF,IXUS,MXN
JAVER,SERVICIOS CORPORATIVOS JAVER,JAVER,MXN
JBLU,JETBLUE AIRWAYS CORP,JBLU,MXN
JCP,J.C. PENNEY CO INC,JCP,MXN
JDIV,JPMORGAN US DIVIDEND ETF,JDIV,MXN
JDST,DIREXION DLY JR GOLD BEAR 3X,JDST,MXN
JE13N,JPM BETAB EURGV13YR UCIT ETF,JE13N,MXN
JEF,JEFFERIES FINANCIAL GROUP IN,JEF,MXN
JEN,JUST EAT PLC,JEN,MXN
JHEM,JOHN HANCOCK MULTI EM MRK ET,JHEM,MXN
JHGN,JANUS HENDERSON GROUP PLC,JHGN,MXN
JHMD,JOHN HANCOCK MF DEV INTL ETF,JHMD,MXN
JHML,JOHN HANCOCK MULTI FACT LRG,JHML,MXN
JHMM,JOHN HANCOCK MULTI FACT MID,JHMM,MXN
JHSC,JOHN HANCOCK MULTI SMALL CAP,JHSC,MXN
JMATN,JOHNSON MATTHEY PLC,JMATN,MXN
JMBA,JAMBA INC,JMBA,MXN
JMIN,JPMORGAN US MIN VOLATILITY,JMIN,MXN
JMOM,JPMORGAN US MOMENTUM FACTOR,JMOM,MXN
JNJ,JOHNSON &amp; JOHNSON,JNJ,MXN
JNUG,DIREXION DLY JR GOLD BULL 3X,JNUG,MXN
JPEAN,ISHARES JPM USD EM BND USD A,JPEAN,MXN
JPEH,JPM DIV RET EUR CUR HDJ ETF,JPEH,MXN
JPEM,JPM DIVERSIFIED RET EM EQUIT,JPEM,MXN
JPEU,JPM DIVERSIFIED RET EUR EQUI,JPEU,MXN
JPGE,JPM DIVERSIFIED RET GLB EQ,JPGE,MXN
JPIH,JPM DIV RET INTL CUR HDJ ETF,JPIH,MXN
JPIN,JPM DIVERSIFIED RET INTL EQ,JPIN,MXN
JPM,JPMORGAN CHASE &amp; CO,JPM,MXN
JPMB,JPMORGAN USD EMERGING MARKET,JPMB,MXN
JPME,JPM DIVER RET US MC EQUITY,JPME,MXN
JPNAN,UBSETF MSCI JAPAN JPY A-ACC,JPNAN,MXN
JPSE,JPM DIVERSIFIED RT SMALL CAP,JPSE,MXN
JPUS,JPMORGAN DIV RET US EQ ETF,JPUS,MXN
JPXN,ISHARES JPX-NIKKEI 400 ETF,JPXN,MXN
JQUA,JPMORGAN US QUALITY FACTOR,JQUA,MXN
JU13N,JPM BETAB USTRE13YR UCIT ETF,JU13N,MXN
JUVEN,JUVENTUS FOOTBALL CLUB SPA,JUVEN,MXN
JVAL,JPMORGAN US VALUE FACTOR ETF,JVAL,MXN
JWN,NORDSTROM INC,JWN,MXN
K,KELLOGG CO,K,MXN
KAR1,KAR AUCTION SERVICES INC,KAR1,MXN
KBA,KRANESH BOSERA MSCI CHINA A,KBA,MXN
KBC1N,KBC GROUP NV,KBC1N,MXN
KBH,KB HOME,KBH,MXN
KBR,KBR INC,KBR,MXN
KERN,KERING,KERN,MXN
KEY N,KEYENCE CORP,KEY N,MXN
KEY1,KEYCORP,KEY1,MXN
KEYS,KEYSIGHT TECHNOLOGIES IN,KEYS,MXN
KGFN,KINGFISHER PLC,KGFN,MXN
KGXN,KION GROUP AG,KGXN,MXN
KHC,KRAFT HEINZ CO/THE,KHC,MXN
KIMBERA,KIMBERLY-CLARK DE MEXICO-A,KIMBERA,MXN
KIMBERB,KIMBERLY-CLARK DE MEXICO-B,KIMBERB,MXN
KKRC,KKR &amp; CO INC -A,KKRC,MXN
KLAC,KLA CORP,KLAC,MXN
KLN,KIRKLAND LAKE GOLD LTD,KLN,MXN
KMI,KINDER MORGAN INC,KMI,MXN
KMT,KENNAMETAL INC,KMT,MXN
KMX,CARMAX INC,KMX,MXN
KO,COCA-COLA CO/THE,KO,MXN
KOFUBL,COCA-COLA FEMSA SAB DE CV,KOFUBL,MXN
KPNN,KONINKLIJKE KPN NV,KPNN,MXN
KR,KROGER CO,KR,MXN
KRMA,GLOBAL X CONSCIOUS COMPANIES,KRMA,MXN
KSS,KOHLS CORP,KSS,MXN
KSU,KANSAS CITY SOUTHERN,KSU,MXN
KTGN,KT &amp; G CORPORATION,KTGN,MXN
KUOA,GRUPO KUO SAB DE CV-SER A,KUOA,MXN
KUOB,GRUPO KUO SAB DE CV-SER B,KUOB,MXN
KWEB,KRANESHARES CSI CHINA INTERN,KWEB,MXN
LABB,GENOMMA LAB INTERNACIONAL-B,LABB,MXN
LABD,DRX DLY S&amp;P BIOTECH BEAR 3X,LABD,MXN
LABU,DRX DLY S&amp;P BIOTECH BULL 3X,LABU,MXN
LACK,DRX DLY CONS STAPLES BEAR 3X,LACK,MXN
LACOMERU1,LA COMER SAB DE CV,LACOMERUBC,MXN
LACOMERUB,LA COMER SAB DE CV,LACOMERUB,MXN
LALAB,GRUPO LALA SAB DE CV,LALAB,MXN
LAMOSA,GRUPO LAMOSA SAB,LAMOSA,MXN
LASEG,LATINOAMERICANA DE SEGUROS,LASEG,MXN
LB,L BRANDS INC,LB,MXN
LBJ,DIREXION DLY LAT AM BULL 3X,LBJ,MXN
LDOS,LEIDOS HOLDINGS INC,LDOS,MXN
LEA,LEAR CORP,LEA,MXN
LEGR,FIRST TRUST INDXX INNOVATIVE,LEGR,MXN
LEGR1N,FT INDXX INNOV TRNSACT&amp;PROCS,LEGR1N,MXN
LEMB,ISHARES JP MORGAN EM LOCAL C,LEMB,MXN
LENB,LENNAR CORP - B SHS,LENB,MXN
LEVI,LEVI STRAUSS &amp; CO- CLASS A,LEVI,MXN
LH,LABORATORY CRP OF AMER HLDGS,LH,MXN
LII,LENNOX INTL INC,LII,MXN
LISPN,CHOCOLADEFABRIKEN LINDT-PC,LISPN,MXN
LIT,GLOBAL X LITHIUM &amp; BATTERY T,LIT,MXN
LITE,LUMENTUM HOLDINGS INC,LITE,MXN
LIVEPOL1,EL PUERTO DE LIVERPOOL-SER 1,LIVEPOL1,MXN
LIVEPOLC-,EL PUERTO DE LIVERPOOL-C1,LIVEPOLC-1,MXN
LLY,ELI LILLY &amp; CO,LLY,MXN
LMT,LOCKHEED MARTIN CORP,LMT,MXN
LNG,CHENIERE ENERGY INC,LNG,MXN
LNGR,GLOBAL X LONGEVITY THEMATIC,LNGR,MXN
LOGM,LOGMEIN INC,LOGM,MXN
LOW,LOWE'S COS INC,LOW,MXN
LOWC,SPDR MSCI ACWI LOW CARBON,LOWC,MXN
LQDAN,ISHARES USD CORP BOND USD A,LQDAN,MXN
LQDEN,ISHARES USD CORP BOND USD D,LQDEN,MXN
LQDHN,ISHARES USD CORP INTRST HDG,LQDHN,MXN
LRGF,ISHARES EDGE MSCI MF USA,LRGF,MXN
LSTR,LANDSTAR SYSTEM INC,LSTR,MXN
LULU,LULULEMON ATHLETICA INC,LULU,MXN
LUV,SOUTHWEST AIRLINES CO,LUV,MXN
LVHD,LEGG MASON LO VOL HI DIV ETF,LVHD,MXN
LVHE,LEGG MASON EM LOW VOL HI DIV,LVHE,MXN
LVHI,LEGG MASON INTL LOW VOL DIV,LVHI,MXN
LVS,LAS VEGAS SANDS CORP,LVS,MXN
LW,LAMB WESTON HOLDINGS INC,LW,MXN
LWCUN,AMUNDI INDEX SOLUTIONS - AMU,LWCUN,MXN
LYBN,LYONDELLBASELL INDU-CL A,LYBN,MXN
LYGN,LLOYDS BANKING GROUP PLC-ADR,LYGN,MXN
M,MACYS INC,M,MXN
M10TRACIS,ISHARES S&amp;P VALMER M10TRAC,M10TRACISHRS,MXN
M5TRACISH,ISHARES S&amp;P VALMER M5TRAC,M5TRACISHRS,MXN
MA,MASTERCARD INC - A,MA,MXN
MAERSKBN,AP MOLLER-MAERSK A/S-B,MAERSKBN,MXN
MANUN,MANCHESTER UNITED PLC-CL A,MANUN,MXN
MARELN,MAREL HF,MARELN,MXN
MAS,MASCO CORP,MAS,MXN
MASI,MASIMO CORPORATION,MASI,MXN
MASMN,MASMOVIL IBERCOM SA,MASMN,MXN
MAT,MATTEL INC,MAT,MXN
MATASN,MATAS A/S,MATASN,MXN
MAXCOMA,MAXCOM TELECOMUNICACIONES SA,MAXCOMA,MXN
MBWSN,MARIE BRIZARD WINE &amp; SPIRITS,MBWSN,MXN
MCD,MC DONALD'S-CORP,MCD,MXN
MCF,CONTANGO OIL &amp; GAS,MCF,MXN
MCHI,ISHARES MSCI CHINA ETF,MCHI,MXN
MCHP,MICROCHIP TECHNOLOGY INC,MCHP,MXN
MCK,MCKESSON CORP,MCK,MXN
MCMN,MIQUEL Y COSTAS,MCMN,MXN
MCN,LVMH MOET HENNESSY LOUIS VUI,MCN,MXN
MCO,MOODY'S CORP,MCO,MXN
MD,MEDNAX INC,MD,MXN
MDBUAN,UBS ETF SUST DVLP BANK BONDS,MDBUAN,MXN
MDIV,FT MULTI-ASSET DIVERS INC,MDIV,MXN
MDYV,SPDR S&amp;P 400 MID CAP VALUE E,MDYV,MXN
MEDICAB,MEDICA SUR S.A.B. - SER B,MEDICAB,MXN
MEDP,MEDPACE HOLDINGS INC,MEDP,MXN
MEGACPO,MEGACABLE HOLDINGS-CPO,MEGACPO,MXN
MELIN,MERCADOLIBRE INC,MELIN,MXN
MELN,MELIA HOTELS INTERNATIONAL,MELN,MXN
MEOHN,METHANEX CORP,MEOHN,MXN
MET,METLIFE INC,MET,MXN
MEXMTUMIS,ISHARES MSCI MEXICO MOMENTUM,MEXMTUMISHRS,MXN
MEXRISKIS,ISHARES MSCI MEXICO RISK TRC,MEXRISKISHRS,MXN
MEXTRAC09,MEXTRAC 09,MEXTRAC09,MXN
MEXX,DIREXION DLY MEXICO BULL 3X,MEXX,MXN
MFRISCO A,MINERA FRISCO SAB DE CV-A2,MFRISCO A-2,MXN
MFRISCOA-,MINERA FRISCO SAB DE CV-A1,MFRISCOA-1,MXN
MGM,MGM RESORTS INTERNATIONAL,MGM,MXN
MIFELO,GRUPO FINANCIERO MIFEL,MIFELO,MXN
MILN,GLOBAL X MILLENNIALS THEMATI,MILN,MXN
MISUN,MISUMI GROUP INC,MISUN,MXN
MITSN,MITSUBISHI ELECTRIC CORP,MITSN,MXN
MKC,MCCORMICK &amp; CO-NON VTG SHRS,MKC,MXN
MKL,MARKEL CORP,MKL,MXN
MKSN,MARKS &amp; SPENCER GROUP PLC,MKSN,MXN
MKTX,MARKETAXESS HOLDINGS INC,MKTX,MXN
MLM,MARTIN MARIETTA MATERIALS,MLM,MXN
MLN,MICHELIN (CGDE),MLN,MXN
MLPA,GLOBAL X MLP ETF,MLPA,MXN
MLPX,GLOBAL X MLP &amp; ENERGY INFRAS,MLPX,MXN
MMKN,MAYR-MELNHOF KARTON AG,MMKN,MXN
MMM,3M CO,MMM,MXN
MNST,MONSTER BEVERAGE CORP,MNST,MXN
MO,ALTRIA GROUP INC,MO,MXN
MOAT,VANECK MORNINGSTAR WIDE MOAT,MOAT,MXN
MOAT1N,VANECK MORNINGST US MOAT ETF,MOAT1N,MXN
MONCN,MONCLER SPA,MONCN,MXN
MORT,VANECK MORTGAGE REIT INCOME,MORT,MXN
MOS,MOSAIC CO/THE,MOS,MXN
MOTI,VANECK MORNINGSTAR INTL MOAT,MOTI,MXN
MPC,MARATHON PETROLEUM CORP,MPC,MXN
MRK,MERCK &amp; CO INC,MRK,MXN
MRNA,MODERNA INC,MRNA,MXN
MRNS,MARINUS PHARMACEUTICALS INC,MRNS,MXN
MRO,MARATHON OIL CORP,MRO,MXN
MROSN,MELROSE INDUSTRIES PLC,MROSN,MXN
MRWN,WM MORRISON SUPERMARKETS,MRWN,MXN
MS,MORGAN STANLEY,MS,MXN
MSCI,MSCI INC,MSCI,MXN
MSFT,MICROSOFT CORP,MSFT,MXN
MTCH,MATCH GROUP INC,MTCH,MXN
MTD,METTLER-TOLEDO INTERNATIONAL,MTD,MXN
MTG,MGIC INVESTMENT CORP,MTG,MXN
MTRLN,SPDR EUROPE MATERIALS,MTRLN,MXN
MTUM,ISHARES EDGE MSCI USA MOMENT,MTUM,MXN
MTXN,MTU AERO ENGINES AG,MTXN,MXN
MU,MICRON TECHNOLOGY INC,MU,MXN
MUFGN,MITSUBISHI UFJ FINL-SPON ADR,MUFGN,MXN
MUV2N,MUENCHENER RUECKVER AG-REG,MUV2N,MXN
MUX,MCEWEN MINING INC,MUX,MXN
MVEUN,ISHARES EDGE MSCI ERP MINVOL,MVEUN,MXN
MVOLN,ISH EDG MSCI WLD MNVL USD A,MVOLN,MXN
MWRDN,AMUNDI INDEX MSCI WORLD DR,MWRDN,MXN
MYLN,MYLAN NV,MYLN,MXN
MYOK,MYOKARDIA INC,MYOK,MXN
NABCON,NABTESCO CORP,NABCON,MXN
NAFTRAC.N,ISHARES NAFTRAC - ISHRS,NAFTRACISHRS,MXN
NBL,NOBLE ENERGY INC,NBL,MXN
NCLHN,NORWEGIAN CRUISE LINE HOLDIN,NCLHN,MXN
NDAN,NORDEA BANK ABP,NDAN,MXN
NDIAN,ISHARES MSCI INDIA UCITS ETF,NDIAN,MXN
NDUSN,SPDR EUROPE INDUSTRIALS,NDUSN,MXN
NEE,NEXTERA ENERGY INC,NEE,MXN
NEED,DRX DLY CONS STAPLES BULL 3X,NEED,MXN
NEM,NEWMONT GOLDCORP CORP,NEM,MXN
NEMAKA,NEMAK SAB DE CV,NEMAKA,MXN
NEO,NEOGENOMICS INC,NEO,MXN
NESNN,NESTLE SA-REG,NESNN,MXN
NFLX,NETFLIX INC,NFLX,MXN
NGVT,INGEVITY CORP,NGVT,MXN
NIDECN,NIDEC CORP,NIDECN,MXN
NIKONN,NIKON CORP,NIKONN,MXN
NKE,NIKE INC -CL B,NKE,MXN
NKTR,NEKTAR THERAPEUTICS,NKTR,MXN
NLOK,NORTONLIFELOCK INC,NLOK,MXN
NLSNN,NIELSEN HOLDINGS PLC,NLSNN,MXN
NOBL,PROSHARES S&amp;P 500 DIVIDEND A,NOBL,MXN
NOC,NORTHROP GRUMMAN CORP,NOC,MXN
NOKN,NOKIA CORP-SPON ADR,NOKN,MXN
NOMDN,NOMAD FOODS LTD,NOMDN,MXN
NOSN,NOS SGPS,NOSN,MXN
NOV,NATIONAL OILWELL VARCO INC,NOV,MXN
NOVT N,NOVANTA INC,NOVT N,MXN
NOWW,SERVICENOW INC,NOWW,MXN
NSC,NORFOLK SOUTHERN CORP,NSC,MXN
NSIT,INSIGHT ENTERPRISES INC,NSIT,MXN
NSRGYN,NESTLE SA-SPONS ADR,NSRGYN,MXN
NTDOYN,NINTENDO CO LTD,NTDOYN,MXN
NTESN,NETEASE INC-ADR,NTESN,MXN
NTGYN,NATURGY ENERGY GROUP SA,NTGYN,MXN
NTRN,NUTRIEN LTD,NTRN,MXN
NTRS,NORTHERN TRUST CORP,NTRS,MXN
NTT1N,NIPPON TELEGRAPH &amp; TELEPHONE,NTT1N,MXN
NUE,NUCOR CORP,NUE,MXN
NUGT,DRX DLY GOLD MINERS BULL 3X,NUGT,MXN
NUVA,NUVASIVE INC,NUVA,MXN
NVDA,NVIDIA CORP,NVDA,MXN
NVR,NVR INC,NVR,MXN
NVSN,NOVARTIS AG-SPONSORED ADR,NVSN,MXN
NWL,NEWELL BRANDS INC,NWL,MXN
NXPIN,NXP SEMICONDUCTORS NV,NXPIN,MXN
NXTG,FIRST TRUST INDXX NEXTG ETF,NXTG,MXN
NXTN,NEXT PLC,NXTN,MXN
NZYMN,NOVOZYMES A/S-B SHARES,NZYMN,MXN
OBSVN,OBSEVA SA,OBSVN,MXN
OCDON,OCADO GROUP PLC,OCDON,MXN
ODETN,FINANCIERE DE L'ODET,ODETN,MXN
ODP,OFFICE DEPOT INC,ODP,MXN
OHLN,OBRASCON HUARTE LAIN S.A.,OHLN,MXN
OILBN,WT BRENT CRUDE OIL 1MTH,OILBN,MXN
OMAB,GRUPO AEROPORTUARIO DEL CENT,OMAB,MXN
OMRNN,OMRON CORP,OMRNN,MXN
OMXSN,ISHARES OMX STOCKHOLM CAPPED,OMXSN,MXN
ON,ON SEMICONDUCTOR CORP,ON,MXN
ONTEXN,ONTEX GROUP NV,ONTEXN,MXN
OPEN N,ISHARES TR INCL &amp; DIVRSTY,OPEN N,MXN
OPK,OPKO HEALTH INC,OPK,MXN
ORANN,ORANGE-SPON ADR,ORANN,MXN
ORBC,ORBCOMM INC,ORBC,MXN
ORBIA,ORBIA ADVANCE CORP SAB DE CV,ORBIA,MXN
ORCL,ORACLE CORP,ORCL,MXN
ORN,L'OREAL,ORN,MXN
OXY1,OCCIDENTAL PETROLEUM CORP,OXY1,MXN
OZK,BANK OZK,OZK,MXN
PACA,XTRACTERS MSCI LATIN AMERICA,PACA,MXN
PANASN,PANASONIC CORP,PANASN,MXN
PAPPEL,BIO PAPPEL SAB DE CV,PAPPEL,MXN
PASAB,PROMOTORA AMBIENTAL SAB DE C,PASAB,MXN
PASS,DRX DLY CONS DISC BEAR 3X,PASS,MXN
PAVE,GLOBAL X US INFRASTRUCTURE,PAVE,MXN
PAYC,PAYCOM SOFTWARE INC,PAYC,MXN
PE,PARSLEY ENERGY INC-CLASS A,PE,MXN
PEN,PENUMBRA INC,PEN,MXN
PEOLES,INDUSTRIAS PENOLES SAB DE CV,PE&amp;OLES,MXN
PEP,PEPSICO INC,PEP,MXN
PFCN,PETROFAC LTD,PFCN,MXN
PFE,PFIZER INC,PFE,MXN
PFF,ISHARES PREFERRED &amp; INCOME S,PFF,MXN
PFFD,GLOBAL X US PREFERRED ETF,PFFD,MXN
PFPT,PROOFPOINT INC,PFPT,MXN
PG,PROCTER &amp; GAMBLE CO/THE,PG,MXN
PGHNN,PARTNERS GROUP HOLDING AG,PGHNN,MXN
PGR,PROGRESSIVE CORP,PGR,MXN
PH,PARKER HANNIFIN CORP,PH,MXN
PHGN,KONINKLIJKE PHILIPS NVR- NY,PHGN,MXN
PHIAN,KONINKLIJKE PHILIPS NV,PHIAN,MXN
PHM,PULTE GROUP INC,PHM,MXN
PHM1N,PHARMA MAR SA,PHM1N,MXN
PICK,ISHARES MSCI GLOBAL METALS &amp;,PICK,MXN
PII,POLARIS INC,PII,MXN
PINFRA,PROMOTORA Y OPERADORA DE INF,PINFRA,MXN
PINFRAL,PROMOTORA Y OPERAD DE INF-L,PINFRAL,MXN
PINS,PINTEREST INC- CLASS A,PINS,MXN
PKI,PERKINELMER INC,PKI,MXN
PLANI,PLANIGRUPO LATAM SAB DE CV,PLANI,MXN
PM,PHILIP MORRIS INTERNATIONAL,PM,MXN
PMCPACA,PROMECAP ACQUISITION CO/A,PMCPACA,MXN
PMOM,PRINCIPAL SUST MOMENTUM ETF,PMOM,MXN
PNC,PNC FINANCIAL SERVICES GROUP,PNC,MXN
POCHTECB,GRUPO POCHTECA SAB DE CV,POCHTECB,MXN
POSADASA,GRUPO POSADAS SAB DE CV,POSADASA,MXN
PPG,PPG INDUSTRIES INC,PPG,MXN
PPH,VANECK PHARMACEUTICAL,PPH,MXN
PRQRN,PROQR THERAPEUTICS NV,PRQRN,MXN
PRSN,PROMOTORA DE INFORMACIONES-A,PRSN,MXN
PRSP,PERSPECTA INC,PRSP,MXN
PSC,PRINCIPAL US SMALL CAP INDEX,PSC,MXN
PSET,PRINCIPAL PRICE SET IND ETF,PSET,MXN
PSOTRAC15,PSOTRAC,PSOTRAC15,MXN
PTC,PTC INC,PTC,MXN
PUBN,PUBLICIS GROUPE,PUBN,MXN
PUKN,PRUDENTIAL PLC-ADR,PUKN,MXN
PUMN,PUMA SE,PUMN,MXN
PUTW,WISDOMTREE CBOE S&amp;P 500 PTWT,PUTW,MXN
PVAL,PRINCIPAL CONTRARIAN VALUE,PVAL,MXN
PVH,PVH CORP,PVH,MXN
PXD,PIONEER NATURAL RESOURCES CO,PXD,MXN
PXUS,PRINCIPAL INT MULTI FACT ETF,PXUS,MXN
PY,PRINCIPAL SHAREHLD YIELD ETF,PY,MXN
PYPL,PAYPAL HOLDINGS INC,PYPL,MXN
Q,QUALITAS CONTROLADORA SAB CV,Q,MXN
QBINDUSA,QB INDUSTRIAS SA-SER A,QBINDUSA,MXN
QBINDUSB,QB INDUSTRIAS SA-SER B,QBINDUSB,MXN
QCOM,QUALCOMM INC,QCOM,MXN
QDIV,GLOBAL X S&amp;P 500 QLTY DIV,QDIV,MXN
QEFA,SPDR MSCI EAFE STRATEGICFACT,QEFA,MXN
QEMM,SPDR MSCI EMERGING MARKETS S,QEMM,MXN
QLTA,ISHARES AAA - A RATED CORPOR,QLTA,MXN
QQQ,INVESCO QQQ TRUST SERIES 1,QQQ,MXN
QSRN,RESTAURANT BRANDS INTERN,QSRN,MXN
QTEC,FIRST TRUST NASDQ 100 TECH I,QTEC,MXN
QUAL,ISHARES EDGE MSCI USA QUALIT,QUAL,MXN
QUMMAB,GRUPO QUMMA SA DE CV-SER B,QUMMAB,MXN
QUS,SPDR MSCI USA STRATEGICFACTO,QUS,MXN
QVGMEX18,QVGMEX 18,QVGMEX18,MXN
R2USN,SPDR RUSSELL 2000 US S/C,R2USN,MXN
RA,REGIONAL SAB DE CV,RA,MXN
RACEN,FERRARI NV,RACEN,MXN
RANDN,RANDSTAD N.V.,RANDN,MXN
RARE,ULTRAGENYX PHARMACEUTICAL IN,RARE,MXN
RASSINIA,RASSINI SAB DE CV - A,RASSINIA,MXN
RASSINIB,RASSINI SAB DE CV - B,RASSINIB,MXN
RASSINIC,RASSINI SAB DE CV-C,RASSINIC,MXN
RASSINICP,RASSINI SAB DE CV,RASSINICPO,MXN
RBN,RECKITT BENCKISER GROUP PLC,RBN,MXN
RBOTN,ISHARES AUTOMATION&amp;ROBOTIC-A,RBOTN,MXN
RBREWN,ROYAL UNIBREW,RBREWN,MXN
RCENTROA,GRUPO RADIO CENTRO-SER A,RCENTROA,MXN
RCL,ROYAL CARIBBEAN CRUISES LTD,RCL,MXN
RDVY,FIRST TRUST RISING DIVIDEND,RDVY,MXN
RELN,RELX PLC,RELN,MXN
REM,ISHARES MORTGAGE REAL ESTATE,REM,MXN
RENEN,REDES ENERGETICAS NACIONAIS,RENEN,MXN
RENN,RENTA CORP REAL ESTATE SA,RENN,MXN
REPSN,REPSOL SA,REPSN,MXN
REZ,ISHARES RESIDENTIAL REAL EST,REZ,MXN
REZI,RESIDEO TECHNOLOGIES INC,REZI,MXN
RF,REGIONS FINANCIAL CORP,RF,MXN
RGLD,ROYAL GOLD INC,RGLD,MXN
RH,RH,RH,MXN
RHHBYN,ROCHE HOLDINGS LTD-SPONS ADR,RHHBYN,MXN
RHT,RED HAT INC,RHT,MXN
RIGN,TRANSOCEAN LTD,RIGN,MXN
RING,ISHARES MSCI GLOBAL GOLD MIN,RING,MXN
RJF,RAYMOND JAMES FINANCIAL INC,RJF,MXN
RL,RALPH LAUREN CORP,RL,MXN
RMD,RESMED INC,RMD,MXN
RMSN,HERMES INTL,RMSN,MXN
RNECN,RENESAS ELECTRONICS CORP,RNECN,MXN
ROBO,ROBO GLOBAL ROBOTICS AND AUT,ROBO,MXN
ROBT,FIRST TRUST NASDAQ ARTIFICIA,ROBT,MXN
ROGN,ROCHE HOLDING AG-GENUSSCHEIN,ROGN,MXN
ROK,ROCKWELL AUTOMATION INC,ROK,MXN
ROP,ROPER TECHNOLOGIES INC,ROP,MXN
ROST,ROSS STORES INC,ROST,MXN
RPG,INVESCO S&amp;P 500 PURE GROWTH,RPG,MXN
RPV,INVESCO S&amp;P 500 PURE VALUE E,RPV,MXN
RRCO,RANGE RESOURCES CORP,RRCO,MXN
RSGA,REPUBLIC SERVICES INC,RSGA,MXN
RSP,INVESCO S&amp;P 500 EQUAL WEIGHT,RSP,MXN
RSX,VANECK RUSSIA ETF,RSX,MXN
RSXJ,VANECK RUSSIA SMALL-CAP,RSXJ,MXN
RTH,VANECK RETAIL ETF,RTH,MXN
RTN1,RAYTHEON COMPANY,RTN1,MXN
RUSL,DIREXION DLY RUSSIA BULL 3X,RUSL,MXN
RUSS,DIREXION DLY RUSSIA BEAR 3X,RUSS,MXN
RWO,SPDR DJ GLOBAL REAL ESTATE E,RWO,MXN
RWR,SPDR DOW JONES REIT ETF,RWR,MXN
RWX,SPDR DR INTERNATIONAL RL EST,RWX,MXN
RYAN,RYANAIR HOLDINGS PLC,RYAN,MXN
RYN,ROYAL BANK OF CANADA,RYN,MXN
RYTM,RHYTHM PHARMACEUTICALS INC,RYTM,MXN
S,SPRINT CORP,S,MXN
SAEMN,ISHARES MSCI EM IMI ESG SCRN,SAEMN,MXN
SAJPN,ISHARES MSCI JAPAN ESG SCRND,SAJPN,MXN
SAMPON,SAMPO OYJ-A SHS,SAMPON,MXN
SAN,BANCO SANTANDER SA,SAN,MXN
SANLUISA,RASSINI SAB DE CV,SANLUISA,MXN
SANLUISB,RASSINI SAB DE CV,SANLUISB,MXN
SANLUISC,RASSINI SAB DE CV,SANLUISC,MXN
SANLUISCP,SANLUIS CORP SAB-CPO,SANLUISCPO,MXN
SAPN,SAP SE-SPONSORED ADR,SAPN,MXN
SAREB,SARE HOLDING SAB DE CV-CL B,SAREB,MXN
SASUN,ISHARES MSCI USA ESG SCREEND,SASUN,MXN
SAVIAA,SAVIA-A,SAVIAA,MXN
SAWDN,ISHARES MSCI WORLD ESG SCRND,SAWDN,MXN
SBEMAN,UBS ETF USD EM SOVEREIGN,SBEMAN,MXN
SBRYN,SAINSBURY (J) PLC,SBRYN,MXN
SBUX,STARBUCKS CORP,SBUX,MXN
SCCO,SOUTHERN COPPER CORP,SCCO,MXN
SCHPN,SCHINDLER HOLDING-PART CERT,SCHPN,MXN
SCHW,SCHWAB (CHARLES) CORP,SCHW,MXN
SCI,SERVICE CORP INTL,SCI,MXN
SDEM,GLOBAL X MSCI SUPERDIVIDEND,SDEM,MXN
SDG,ISHARES SUSTAINABLE MSCI GLB,SDG,MXN
SDHAN,ISH USD SHRT HY CRP USD ACC,SDHAN,MXN
SDHYN,ISHARES USD SHORT DUR HY CRP,SDHYN,MXN
SDIAN,ISHARES USD SHORT DUR USD A,SDIAN,MXN
SDIGN,ISHARES USD SHORT DUR USD D,SDIGN,MXN
SDIV,GLOBAL X SUPERDIVIDEND ETF,SDIV,MXN
SDMXXN,ISHARES USD SHORT DUR MXN HA,SDMXXN,MXN
SDRYN,SUPERDRY PLC,SDRYN,MXN
SEMN,SEMAPA-SOCIEDADE DE INVESTIM,SEMN,MXN
SFERN,SALVATORE FERRAGAMO SPA,SFERN,MXN
SGOL,ABERDEEN STNDRD PHYSIC GLD,SGOL,MXN
SGREN,SIEMENS GAMESA RENEWABLE ENE,SGREN,MXN
SHAK,SHAKE SHACK INC - CLASS A,SHAK,MXN
SHE,SPDR GENDER DIVERSITY ETF,SHE,MXN
SHOPN,SHOPIFY INC - CLASS A,SHOPN,MXN
SHV,ISHARES SHORT TREASURY BOND,SHV,MXN
SHW,SHERWIN-WILLIAMS CO/THE,SHW,MXN
SHY,ISHARES 1-3 YEAR TREASURY BO,SHY,MXN
SHYG,ISHARES 0-5 YR HY CORP BOND,SHYG,MXN
SIEN,SIEMENS AG-REG,SIEN,MXN
SIKAN,SIKA AG-REG,SIKAN,MXN
SIMECB,GRUPO SIMEC S.A.-SER B,SIMECB,MXN
SINAN,SINA CORP,SINAN,MXN
SITESB-1,TELESITES SAB DE CV,SITESB-1,MXN
SIVB,SVB FINANCIAL GROUP,SIVB,MXN
SIVR,ABERDEEN STANDARD PHYSICAL S,SIVR,MXN
SIZE,ISHARES EDGE MSCI USA SIZE F,SIZE,MXN
SJM,JM SMUCKER CO/THE,SJM,MXN
SJNK,SPDR BBG BARC ST HIGH YIELD,SJNK,MXN
SKYUN,FIRST TRUST CLOUD COMPUTING,SKYUN,MXN
SKYY,FIRST TRUST CLOUD COMPUTING,SKYY,MXN
SLAB,SILICON LABORATORIES INC,SLAB,MXN
SLBN,SCHLUMBERGER LTD,SLBN,MXN
SLM,SLM CORP,SLM,MXN
SLMAUN,ISHARES MSCI EMU ESG SCREEND,SLMAUN,MXN
SLMCN,ISHARES MSCI EUROPE ESG SCRN,SLMCN,MXN
SLQD,ISHARES 0-5 YR INV GRD CORP,SLQD,MXN
SMARTRC14,SMARTRC 14,SMARTRC14,MXN
SMCN,SMC CORPORATION,SMCN,MXN
SMEZ,SPDR EURO STOXX SMALL CAP ET,SMEZ,MXN
SMH,VANECK SEMICONDUCTOR,SMH,MXN
SMHI,SEACOR MARINE HOLDINGS INC,SMHI,MXN
SMLUN,INVESCO GS EQ FACTOR EUROPE,SMLUN,MXN
SMRUN,AMUN IDX EQY GBL MS AL STF B,SMRUN,MXN
SMSNN,SAMSUNG ELECTR-GDR REG S,SMSNN,MXN
SNEN,SONY CORP-SPONSORED ADR,SNEN,MXN
SNPS,SYNOPSYS INC,SNPS,MXN
SNSR,GLOBAL X INTERNET OF THINGS,SNSR,MXN
SOCL,GLOBAL X SOCIAL MEDIA ETF,SOCL,MXN
SOFTN,SOFTBANK GROUP CORP,SOFTN,MXN
SOIL,GLOBAL X FERTILIZERS/POTASH,SOIL,MXN
SORIANAB,ORGANIZACION SORIANA S.A.B-B,SORIANAB,MXN
SOXL,DIREXION DAILY SEMI BULL 3X,SOXL,MXN
SOXS,DIREXION DAILY SEMI BEAR 3X,SOXS,MXN
SOXX,ISHARES PHLX SEMICONDUCTOR E,SOXX,MXN
SPAB,SPDR PORTFOLIO AGGREGATE BON,SPAB,MXN
SPB,SPECTRUM BRANDS HOLDINGS INC,SPB,MXN
SPDW,SPDR PORTFOLIO DEVELOPED WOR,SPDW,MXN
SPFF,GLOBAL X SUPERINCOME PREFER,SPFF,MXN
SPGI,S&amp;P GLOBAL INC,SPGI,MXN
SPIB,SPDR PORTFOLIO INTERMEDIATE,SPIB,MXN
SPIP,SPDR PORTFOLIO TIPS ETF,SPIP,MXN
SPKN,SOLARPACK CORP TECNOLOGICA S,SPKN,MXN
SPLB,SPDR PORT LNG TRM CORP BND,SPLB,MXN
SPMVN,ISHARES EDGE S&amp;P500 MIN VOL,SPMVN,MXN
SPORTS,GRUPO SPORTS WORLD SAB DE CV,SPORTS,MXN
SPOTN,SPOTIFY TECHNOLOGY SA,SPOTN,MXN
SPSB,SPDR PORT SHRT TRM CORP BND,SPSB,MXN
SPSM,SPDR PORTFOLIO SMALL CAP ETF,SPSM,MXN
SPTL,SPDR PORT LNG TRM TRSRY,SPTL,MXN
SPTS,SPDR PORT SHRT TRM TRSRY,SPTS,MXN
SPXL,DIREXION DLY S&amp;P 500 BULL 3X,SPXL,MXN
SPXN,SPIRAX-SARCO ENGINEERING PLC,SPXN,MXN
SPXS,DIREXION DLY S&amp;P 500 BEAR 3X,SPXS,MXN
SPXS1N,INVESCO S&amp;P 500 ACC,SPXS1N,MXN
SPY,SPDR S&amp;P 500 ETF TRUST,SPY,MXN
SPY4N,SPDR S&amp;P 400 US MID CAP,SPY4N,MXN
SPYD,SPDR PORTFOLIO S&amp;P 500 HIGH,SPYD,MXN
SQ,SQUARE INC - A,SQ,MXN
SRE,SEMPRA ENERGY,SRE,MXN
SRENN,SWISS RE AG,SRENN,MXN
SRET1,GLOBAL X SUPERDIVIDEND REIT,SRET1,MXN
SRETN,SIRIUS REAL ESTATE LTD,SRETN,MXN
SRGN,SNAM SPA,SRGN,MXN
SSNC,SS&amp;C TECHNOLOGIES HOLDINGS,SSNC,MXN
SSYSN,STRATASYS LTD,SSYSN,MXN
STAN,STABILUS SA,STAN,MXN
STGN,SCANDINAVIAN TOBACCO GROUP A,STGN,MXN
STI,SUNTRUST BANKS INC,STI,MXN
STIP,ISHARES 0-5 YEAR TIPS BOND E,STIP,MXN
STLD,STEEL DYNAMICS INC,STLD,MXN
STMNN,STRAUMANN HOLDING AG-REG,STMNN,MXN
STT,STATE STREET CORP,STT,MXN
STZ,CONSTELLATION BRANDS INC-A,STZ,MXN
SUAS N,ISHARES SUST MSCI USA SRI,SUAS N,MXN
SUJP N,ISHARES MSCI JAPAN SRI USD-A,SUJP N,MXN
SUN,SCHNEIDER ELECTRIC SE,SUN,MXN
SUSA,ISHARES MSCI USA ESG SELECT,SUSA,MXN
SUSB,ISHARES ESG 1-5 YEAR USD COR,SUSB,MXN
SUSC,ISHARES ESG USD CORPORATE BO,SUSC,MXN
SUSMN,ISHARES MSCI EM SRI UCITS,SUSMN,MXN
SUUN,SUNCOR ENERGY INC,SUUN,MXN
SW2CHBN,UBS ETF MSCI SWITZERLAND,SW2CHBN,MXN
SWK,STANLEY BLACK &amp; DECKER INC,SWK,MXN
SX7PEXN,ISHR STOXX EUR 600 BANKS DE,SX7PEXN,MXN
SXLBN,SPDR S&amp;P US MATERIALS SELECT,SXLBN,MXN
SXLCN,SPDR S&amp;P US COMMS SELECT,SXLCN,MXN
SXLEN,SPDR S&amp;P US ENERGY SELECT,SXLEN,MXN
SXLFN,SPDR S&amp;P US FINANCIAL SELECT,SXLFN,MXN
SXLIN,SPDR S&amp;P US INDUST SELECT,SXLIN,MXN
SXLKN,SPDR S&amp;P US TECH SELECT,SXLKN,MXN
SXLPN,SPDR S&amp;P US CON STAP SELECT,SXLPN,MXN
SXLUN,SPDR S&amp;P US UTILITIES SELECT,SXLUN,MXN
SXLVN,SPDR S&amp;P US HEALTH SELECT,SXLVN,MXN
SXLYN,SPDR S&amp;P US CON DIS SELECT,SXLYN,MXN
SXNPEXN,ISHR EUR600 IND GDS&amp;SERV(DE),SXNPEXN,MXN
SXOPEXN,ISHR EUR600 CNSTRN&amp;MTRLS DE,SXOPEXN,MXN
SXRPEXN,ISHARES EUROPE600 RETAIL DE,SXRPEXN,MXN
SXRTN,ISHARES CORE EURO STOXX 50,SXRTN,MXN
SXSN,SPECTRIS PLC,SXSN,MXN
SY1N,SYMRISE AG,SY1N,MXN
SYF,SYNCHRONY FINANCIAL,SYF,MXN
SYK,STRYKER CORP,SYK,MXN
SYY,SYSCO CORP,SYY,MXN
T,AT&amp;T INC,T,MXN
TAN,INVESCO SOLAR ETF,TAN,MXN
TAP1,MOLSON COORS BREWING CO -B,TAP1,MXN
TDG,TRANSDIGM GROUP INC,TDG,MXN
TDIV,FT NASDAQ TECH DVD INDEX FD,TDIV,MXN
TDW,TIDEWATER INC,TDW,MXN
TDXPEXN,ISHARES TECDAX UCITS ETF DE,TDXPEXN,MXN
TEAKCPO,PROTEAK UNO SAB DE CV,TEAKCPO,MXN
TECKN,TECK RESOURCES LTD-CLS B,TECKN,MXN
TECL,DIREXION DAILY TECH BULL 3X,TECL,MXN
TECS,DIREXION DAILY TECH BEAR 3X,TECS,MXN
TEFN,TELEFONICA SA-SPON ADR,TEFN,MXN
TEKCHEMA,TEKCHEM SAB DE CV,TEKCHEMA,MXN
TELEN,SPDR MSCI EUROPE COMMS,TELEN,MXN
TELN,TE CONNECTIVITY LTD,TELN,MXN
TENCHN,TENCENT HOLDINGS LTD,TENCHN,MXN
TEPN,TELEPERFORMANCE,TEPN,MXN
TER,TERADYNE INC,TER,MXN
TERRA13,PLA ADMINISTRADORA INDUSTRIA,TERRA13,MXN
TFIIN,TFI INTERNATIONAL INC,TFIIN,MXN
TFIV,GLOBAL X TARGETINCOME 5 ETF,TFIV,MXN
TFLT,GLOBAL X TARGETINCOME PLUS 2,TFLT,MXN
TFRNN,WT US FLTING RATE BND-USD AC,TFRNN,MXN
TGT,TARGET CORP,TGT,MXN
TIF,TIFFANY &amp; CO,TIF,MXN
TILE,INTERFACE INC,TILE,MXN
TIN,TELECOM ITALIA SPA-SPON ADR,TIN,MXN
TIP1AN,UBS ETF BAR TIPS1-10 USD ACC,TIP1AN,MXN
TKN,TEEKAY CORP,TKN,MXN
TKR,TIMKEN CO,TKR,MXN
TKTTN,TARKETT,TKTTN,MXN
TL5N,MEDIASET ESPANA COMUNICACION,TL5N,MXN
TLEVICPO,GRUPO TELEVISA SAB-SER CPO,TLEVISACPO,MXN
TLEVISAA,GRUPO TELEVISA SA-SER A,TLEVISAA,MXN
TLEVISAD,GRUPO TELEVISA S.A.-SER D,TLEVISAD,MXN
TLEVISAL,GRUPO TELEVISA S.A.-SER L,TLEVISAL,MXN
TLRD,TAILORED BRANDS INC,TLRD,MXN
TLT,ISHARES 20+ YEAR TREASURY BO,TLT,MXN
TMF,DRX DLY 20+ YR TREAS BULL 3X,TMF,MXN
TMMA,GRUPO TMM SA-SER A,TMMA,MXN
TMN,TOYOTA MOTOR CORP -SPON ADR,TMN,MXN
TMUS,T-MOBILE US INC,TMUS,MXN
TMV,DRX DLY 20+ YR TREAS BEAR 3X,TMV,MXN
TNA,DIREXION DLY SM CAP BULL 3X,TNA,MXN
TNKN,TEEKAY TANKERS LTD-CLASS A,TNKN,MXN
TOTN,TOTAL SA-SPON ADR,TOTN,MXN
TOYTN,TOYOTA MOTOR CORP,TOYTN,MXN
TPXYN,AMUNDI JAP TOPIX UC-JPY,TPXYN,MXN
TRAXIONA,GRUPO TRAXION SAB DE CV,TRAXIONA,MXN
TRE3N,INVESCO US TRES 1-3 YR DIST,TRE3N,MXN
TRE7N,INVESCO US TRES 3-7 YR DIST,TRE7N,MXN
TREN,TECNICAS REUNIDAS SA,TREN,MXN
TRESN,INVESCO US TREASURY DIST,TRESN,MXN
TREXN,INVESCO US TRES 7-10 YR DIST,TREXN,MXN
TRIP,TRIPADVISOR INC,TRIP,MXN
TRMB,TRIMBLE INC,TRMB,MXN
TRN,TRINITY INDUSTRIES INC,TRN,MXN
TRV,TRAVELERS COS INC/THE,TRV,MXN
TS,TENARIS SA,TS,MXN
TSCO1,TRACTOR SUPPLY COMPANY,TSCO1,MXN
TSCON,TESCO PLC,TSCON,MXN
TSLA,TESLA INC,TSLA,MXN
TSMN,TAIWAN SEMICONDUCTOR-SP ADR,TSMN,MXN
TSN,TYSON FOODS INC-CL A,TSN,MXN
TUBN,TUBACEX SA,TUBN,MXN
TUIN,TUI AG-DI,TUIN,MXN
TUN,TELUS CORPORATION,TUN,MXN
TUR,ISHARES MSCI TURKEY ETF,TUR,MXN
TWEN,TREASURY WINE ESTATES LTD,TWEN,MXN
TWLO,TWILIO INC - A,TWLO,MXN
TWM,PROSHARES ULTRASHORT R2000,TWM,MXN
TWTR,TWITTER INC,TWTR,MXN
TX,TERNIUM SA-SPONSORED ADR,TX,MXN
TXN,TEXAS INSTRUMENTS INC,TXN,MXN
TZA,DIREXION DLY SM CAP BEAR 3X,TZA,MXN
UAAC,UNDER ARMOUR INC-CLASS C,UAAC,MXN
UAL,UNITED AIRLINES HOLDINGS INC,UAL,MXN
UBBBN,AMUNDI IND BARC US CORP BBB,UBBBN,MXN
UBIN,UBISOFT ENTERTAINMENT,UBIN,MXN
UBOT,DRX DLY ROBO &amp; A.I. BULL 3X,UBOT,MXN
UBSN,UBS GROUP AG-REG,UBSN,MXN
UCAPN,OSSIAM SHILLER BRLY CAPE USD,UCAPN,MXN
UCGN,UNICREDIT SPA,UCGN,MXN
UDITRACIS,ISHARES S&amp;P VALM MEX UDITRAC,UDITRACISHRS,MXN
UGA,UNITED STATES GAS FUND LP,UGA,MXN
UGN,PEUGEOT S.A.,UGN,MXN
UHRN,SWATCH GROUP AG/THE-BR,UHRN,MXN
UHS,UNIVERSAL HEALTH SERVICES-B,UHS,MXN
UKGBPBN,UBS ETF MSCI UNITED KINGDOM,UKGBPBN,MXN
ULN,UNILEVER PLC-SPONSORED ADR,ULN,MXN
ULTA,ULTA BEAUTY INC,ULTA,MXN
UMIN,UMICORE,UMIN,MXN
UNAT N,UNILEVER N.V..,UNAT N,MXN
UNG,US NATURAL GAS FUND LP,UNG,MXN
UNH,UNITEDHEALTH GROUP INC,UNH,MXN
UNIFINA,UNIFIN FINANCIERA SAB DE CV,UNIFINA,MXN
UNP,UNION PACIFIC CORP,UNP,MXN
UNVR,UNIVAR SOLUTIONS INC,UNVR,MXN
UPMN,UPM-KYMMENE OYJ,UPMN,MXN
UPS,UNITED PARCEL SERVICE-CL B,UPS,MXN
URA,GLOBAL X URANIUM ETF,URA,MXN
URBI,URBI DESARROLLOS URBANOS SAB,URBI,MXN
URTH,ISHARES MSCI WORLD ETF,URTH,MXN
URWN,UNIBAIL-RODAMCO-WESTFIELD,URWN,MXN
USB,US BANCORP,USB,MXN
USCI,UNITED STATES COMMODITY INDE,USCI,MXN
USFD,US FOODS HOLDING CORP,USFD,MXN
USFMAN,UBSETF MSCI USA SEL.FACT.MIX,USFMAN,MXN
USFMDN,UBSETF MSCI USA SEL.FACT.MIX,USFMDN,MXN
USFR,WISDOMTREE FLOATING RATE TRE,USFR,MXN
USMC,PRINCIPAL US MEGACAP MF ETF,USMC,MXN
USMF,WISDOMTREE US MULTIFACTOR FU,USMF,MXN
USMV,ISHARES EDGE MSCI MIN VOL US,USMV,MXN
USO,UNITED STATES OIL FUND LP,USO,MXN
USRT,ISHARES CORE US REIT ETF,USRT,MXN
UT1USN,UBS ETF BAR. CAP. US TR. 1-3,UT1USN,MXN
UT7USN,UBS ETF BAR. CA. US TR. 7-10,UT7USN,MXN
UTILN,SPDR EUROPE UTILITIES,UTILN,MXN
UTSI,UTSTARCOM HOLDINGS CORP,UTSI,MXN
UTX,UNITED TECHNOLOGIES CORP,UTX,MXN
UWT,VELOCITYSHARES 3X LONG CRUDE,UWT,MXN
VACNN,VAT GROUP AG,VACNN,MXN
VAGUN,VANG GLBAGG ETF USD H ACC,VAGUN,MXN
VAHNN,VAUDOISE ASSURANCES HOL,VAHNN,MXN
VALMTN,VALMET OYJ,VALMTN,MXN
VALUEGFO,VALUE GRUPO FINANCIERO SAB D,VALUEGFO,MXN
VCIT,VANGUARD INT-TERM CORPORATE,VCIT,MXN
VCLT,VANGUARD LONG-TERM CORP BOND,VCLT,MXN
VCSH,VANGUARD S/T CORP BOND ETF,VCSH,MXN
VDCPN,VANG USDCPBD USDD,VDCPN,MXN
VDEMN,VANG FTSE EM USDD,VDEMN,MXN
VDETN,VANG USDEMGVB USDD,VDETN,MXN
VDEVN,VANG FTSE DW USDD,VDEVN,MXN
VDJPN,VANG FTSE JPN USDD,VDJPN,MXN
VDPXN,VANG FTSEAPXJ USDD,VDPXN,MXN
VDTYN,VANGU USDTRBD USDD,VDTYN,MXN
VDUCN,VAND USDCP1-3 USDD,VDUCN,MXN
VDXXN,VANG EURDAX EURD,VDXXN,MXN
VECPN,VANG EURCPBD EURD,VECPN,MXN
VEEV,VEEVA SYSTEMS INC-CLASS A,VEEV,MXN
VEREN,VANG FTSE DEX EURA,VEREN,MXN
VERXN,VANG FTSE DEX EURD,VERXN,MXN
VESTA,CORP INMOBILIARIA VESTA SAB,VESTA,MXN
VETN,VETROPACK HOLDING AG-BR,VETN,MXN
VETYN,VANG EURGVBD EURD,VETYN,MXN
VEUDN,VANG FTSE EUR EURD,VEUDN,MXN
VGIT,VANGUARD INTERMEDIATE-TERM T,VGIT,MXN
VGLT,VANGUARD LONG-TERM TREASURY,VGLT,MXN
VGSH,VANGUARD SHORT-TERM TREASURY,VGSH,MXN
VHYDN,VANG FTSE HDY USDD,VHYDN,MXN
VIGI,VANGUARD INT DIV APP INDX FD,VIGI,MXN
VINTE,VINTE VIVIENDAS INTEGRALES S,VINTE,MXN
VIOO,VANGUARD S&amp;P SMALL-CAP 600 E,VIOO,MXN
VISCN,VISCOFAN SA,VISCN,MXN
VISTAA,VISTA OIL &amp; GAS SAB DE CV,VISTAA,MXN
VITROA,VITRO S.A.B.-SERIES A,VITROA,MXN
VIVENN,VIVENDI,VIVENN,MXN
VLUE,ISHARES EDGE MSCI USA VALUE,VLUE,MXN
VMBS,VANGUARD MORTGAGE-BACKED SEC,VMBS,MXN
VMW,VMWARE INC-CLASS A,VMW,MXN
VNM,VANECK VIETNAM ETF,VNM,MXN
VNQI,VANGUARD GLBL EX-US REAL EST,VNQI,MXN
VNRAN,VANG FTSE NA USDA,VNRAN,MXN
VOLARA,CONTROLADORA VUELA CIA DE-A,VOLARA,MXN
VOO,VANGUARD S&amp;P 500 ETF,VOO,MXN
VOOG,VANGUARD S&amp;P 500 GROWTH ETF,VOOG,MXN
VOOV,VANGUARD S&amp;P 500 VALUE ETF,VOOV,MXN
VRSK,VERISK ANALYTICS INC,VRSK,MXN
VRSN,VERISIGN INC,VRSN,MXN
VRTX,VERTEX PHARMACEUTICALS INC,VRTX,MXN
VSGX,VANGUARD ESG INTL STOCK ETF,VSGX,MXN
VTC,VANGUARD TOTAL CORPORATE BND,VTC,MXN
VTIP,VANGUARD SHORT-TERM TIPS,VTIP,MXN
VTWO,VANGUARD RUSSELL 2000 ETF,VTWO,MXN
VTWV,VANGUARD RUSSELL 2000 VALUE,VTWV,MXN
VUAAN,VANG S&amp;P500 USDA,VUAAN,MXN
VUKEN,VANG FTSE100 GBPD,VUKEN,MXN
VUKGN,VANG FTSE100 GBPA,VUKGN,MXN
VUSDN,VANG S&amp;P500 USDD,VUSDN,MXN
VWCGN,VANG FTSE EUR EURA,VWCGN,MXN
VWOB,VANGUARD EMERG MKTS GOV BND,VWOB,MXN
VWRAN,VANG FTSE AW USDA,VWRAN,MXN
VWRDN,VANG FTSE AW USDD,VWRDN,MXN
VWSN,VESTAS WIND SYSTEMS A/S,VWSN,MXN
VXUS,VANGUARD TOTAL INTL STOCK,VXUS,MXN
VYGR,VOYAGER THERAPEUTICS INC,VYGR,MXN
VYMI,VANGUARD INT HIGH DVD YLD IN,VYMI,MXN
VZ,VERIZON COMMUNICATIONS INC,VZ,MXN
WAB,WABTEC CORP,WAB,MXN
WALMEX,WALMART DE MEXICO SAB DE CV,WALMEX,MXN
WANT,DRX DLY CONS DISC BULL 3X,WANT,MXN
WAT,WATERS CORP,WAT,MXN
WBA,WALGREENS BOOTS ALLIANCE INC,WBA,MXN
WBC,WABCO HOLDINGS INC,WBC,MXN
WCOAN,WISDOMTREE ENH CMDTY-USD ACC,WCOAN,MXN
WDAY,WORKDAY INC-CLASS A,WDAY,MXN
WDC,WESTERN DIGITAL CORP,WDC,MXN
WDSCN,SPDR WORLD SMALL CAP,WDSCN,MXN
WEIRN,WEIR GROUP PLC/THE,WEIRN,MXN
WFC,WELLS FARGO &amp; CO,WFC,MXN
WFINN,SPDR WORLD FINANCIALS,WFINN,MXN
WFTN,WEATHERFORD INTERNATIONAL PL,WFTN,MXN
WIAUN,ISH FLN ANGL HY CORP USD ACC,WIAUN,MXN
WLTG,WALTER ENERGY INC,WLTG,MXN
WMATN,SPDR WORLD MATERIALS,WMATN,MXN
WMT,WALMART INC,WMT,MXN
WNRGN,SPDR WORLD ENERGY,WNRGN,MXN
WPPN,WPP PLC,WPPN,MXN
WRK,WESTROCK CO,WRK,MXN
WSM,WILLIAMS-SONOMA INC,WSM,MXN
WSMLN,ISHARES MSCI WLD SMALL CAP,WSMLN,MXN
WSUN,WASHTEC AG,WSUN,MXN
WTBN,WHITBREAD PLC,WTBN,MXN
WTECN,SPDR WORLD TECHNOLOGY,WTECN,MXN
WTELN,SPDR MSCI WORLD COMMUNICATIO,WTELN,MXN
WU,WESTERN UNION CO,WU,MXN
WYNN,WYNN RESORTS LTD.,WYNN,MXN
X,UNITED STATES STEEL CORP,X,MXN
XAR,SPDR S&amp;P AEROSPACE &amp; DEF ETF,XAR,MXN
XBAUN,X GLOBAL AGGREGATE SWAP USD,XBAUN,MXN
XCADN,X MSCI CANADA,XCADN,MXN
XCS6N,X MSCI CHINA 1C,XCS6N,MXN
XD5DN,X MSCI EMU USD,XD5DN,MXN
XD5EN,X MSCI EMU,XD5EN,MXN
XD9UN,X MSCI USA UCITS ETF,XD9UN,MXN
XDIV,METAURUS US EQUITY EX DIVIDE,XDIV,MXN
XDJPN,X NIKKEI 225,XDJPN,MXN
XDN0N,X MSCI NORDIC,XDN0N,MXN
XDNDN,X NORTH AMERICA HIGH DIV,XDNDN,MXN
XDUDN,X DAX INCOME USD,XDUDN,MXN
XDWDN,X MSCI WORLD 1C,XDWDN,MXN
XEL,XCEL ENERGY INC,XEL,MXN
XESPN,X SPAIN 1C,XESPN,MXN
XG7UN,X GLOBAL INFLATION LINKD USD,XG7UN,MXN
XHB,SPDR S&amp;P HOMEBUILDERS ETF,XHB,MXN
XHE,SPDR S&amp;P HEALTH CARE EQUIPME,XHE,MXN
XHS,SPDR S&amp;P HEALTH CARE SER ETF,XHS,MXN
XLB,MATERIALS SELECT SECTOR SPDR,XLB,MXN
XLC,COMM SERV SELECT SECTOR SPDR,XLC,MXN
XLE,ENERGY SELECT SECTOR SPDR,XLE,MXN
XLF,FINANCIAL SELECT SECTOR SPDR,XLF,MXN
XLI,INDUSTRIAL SELECT SECT SPDR,XLI,MXN
XLK,TECHNOLOGY SELECT SECT SPDR,XLK,MXN
XLNX,XILINX INC,XLNX,MXN
XLP,CONSUMER STAPLES SPDR,XLP,MXN
XLRE,REAL ESTATE SELECT SECT SPDR,XLRE,MXN
XLV,HEALTH CARE SELECT SECTOR,XLV,MXN
XLY,CONSUMER DISCRETIONARY SELT,XLY,MXN
XMBDN,X MSCI BRAZIL 1C,XMBDN,MXN
XMEDN,X MSCI EUROPE 1C,XMEDN,MXN
XMJDN,X MSCI JAPAN,XMJDN,MXN
XMKON,X MSCI KOREA,XMKON,MXN
XMMEN,X MSCI EMERGING MARKETS,XMMEN,MXN
XMTDN,X MSCI TAIWAN,XMTDN,MXN
XMUJN,X MSCI JAPAN USD,XMUJN,MXN
XMVEN,X EMU MINIMUM VOLATILITY,XMVEN,MXN
XMVUN,X USA MINIMUM VOLATILITY,XMVUN,MXN
XMX,WISDOMTREE GLOBAL EX-MEXICO,XMX,MXN
XOM,EXXON MOBIL CORP,XOM,MXN
XPO,XPO LOGISTICS INC,XPO,MXN
XPXDN,X MSCI PACIFIC EX JAPAN 1C,XPXDN,MXN
XRMUN,X RUSSELL MIDCAP,XRMUN,MXN
XRSUN,X RUSSELL 2000,XRSUN,MXN
XSMCN,X SWITZERLAND 1C,XSMCN,MXN
XSOE,WISDMTREE EMERG MKT EX-ST OW,XSOE,MXN
XSPUN,X S&amp;P500 SWAP,XSPUN,MXN
XT,ISHARES EXPONENTIAL TECH ETF,XT,MXN
XTL,SPDR S&amp;P TELECOM ETF,XTL,MXN
XTN,SPDR S&amp;P TRANSPORTATION ETF,XTN,MXN
XUSDN,XUSD RATE SW,XUSDN,MXN
XWEB,SPDR S&amp;P INTERNET ETF,XWEB,MXN
XXSCN,X MSCI EUROPE SMALL CAP,XXSCN,MXN
YANG,DRX DLY FTSE CHINA BEAR 3X,YANG,MXN
YASKYN,YASKAWA ELECTRIC CORP,YASKYN,MXN
YINN,DRX DLY FTSE CHINA BULL 3X,YINN,MXN
YLCO,GLOBAL X FUNDS GLOBAL X YIEL,YLCO,MXN
YYY,AMPLIFY HIGH INCOME ETF,YYY,MXN
ZALN,ZALANDO SE,ZALN,MXN
ZBH,ZIMMER BIOMET HOLDINGS INC,ZBH,MXN
ZBRA,ZEBRA TECHNOLOGIES CORP-CL A,ZBRA,MXN
ZJPN,SPDR SOLACTIVE JAPAN ETF,ZJPN,MXN
ZOTN,ZARDOYA OTIS SA,ZOTN,MXN
ZPR1N,SPDR BBG 1-3MO US TRES USDA,ZPR1N,MXN
ZPRMN,SPDR BBG 1-3MO US TRES MXNHA,ZPRMN,MXN
ZTS,ZOETIS INC,ZTS,MXN
