1A0,KATRINA GROUP LTD,1A0,SGD
1A1,WONG FONG INDUSTRIES LTD,1A1,SGD
1A4,AGV GROUP LTD,1A4,SGD
1B0,MM2 ASIA LTD,1B0,SGD
1B1,HC SURGICAL SPECIALISTS LTD,1B1,SGD
1B6,OCEAN SKY INTERNATIONAL LTD,1B6,SGD
1C0,EMERGING TOWNS &amp; CITIES SING,1C0,SGD
1C3,SAMURAI 2K AEROSOL LTD,1C3,SGD
1C5,PACIFIC STAR DEVELOPMENT LTD,1C5,SGD
1C9W,ASIAPHOS LTD WARRANT,1C9W,SGD
1D0,KIMLY LTD,1D0,SGD
1D1,UNUSUAL LTD,1D1,SGD
1D3,LIFEBRANDZ LTD,1D3,SGD
1D4,AOXIN Q &amp; M DENTAL GROUP LTD,1D4,SGD
1D5,CAPITAL WORLD LTD,1D5,SGD
1D8,SINGAPORE O&amp;G LTD,1D8,SGD
1E3,SANLI ENVIRONMENT LTD,1E3,SGD
1E6,WORLD CLASS GLOBAL LTD,1E6,SGD
1F0,SHOPPER360 LTD,1F0,SGD
1F1,Y VENTURES GROUP LTD,1F1,SGD
1F2,UNION GAS HOLDINGS LIMITED,1F2,SGD
1F3,ASPEN GROUP HOLDINGS LTD,1F3,SGD
1F4,VASHION GROUP LTD,1F4,SGD
1G1,RE&amp;S HOLDINGS LTD,1G1,SGD
1G6,NO SIGNBOARD HOLDINGS LTD,1G6,SGD
1H2,OLIVE TREE ESTATES LTD,1H2,SGD
1H3,CLEARBRIDGE HEALTH LTD,1H3,SGD
1H4,MEMORIES GROUP LTD,1H4,SGD
1H8,LY CORP LTD,1H8,SGD
1I5,AYONDO LTD,1I5,SGD
1J0,SLB DEVELOPMENT LTD,1J0,SGD
1J3,ASIAN HEALTHCARE SPECIALISTS,1J3,SGD
1J4,JEP HOLDINGS LTD,1J4,SGD
1J5,HYPHENS PHARMA INTERNATIONAL,1J5,SGD
1J7,JAWALA INC,1J7,SGD
40B,HEALTHBANK HOLDINGS LTD,40B,SGD
40D,STARBURST HOLDINGS LTD,40D,SGD
40E,SPACKMAN ENTERTAINMENT GROUP,40E,SGD
40F,ALITA RESOURCES LTD,40F,SGD
40N,VERSALINK HOLDINGS LTD,40N,SGD
40R,SERRANO LTD/SINGAPORE,40R,SGD
40S,PERENNIAL REAL ESTATE HOLDIN,40S,SGD
40T,ISEC HEALTHCARE LTD,40T,SGD
40U,MS HOLDINGS LTD,40U,SGD
40V,SINGAPORE EDEVELOPMENT LTD,40V,SGD
40W,ZICO HOLDINGS INC,40W,SGD
41A,UG HEALTHCARE CORP LTD,41A,SGD
41B,HUATIONG GLOBAL LTD,41B,SGD
41F,GSS ENERGY LTD,41F,SGD
41H,BLACKGOLD NATURAL RESOURCES,41H,SGD
41O,LHN LTD,41O,SGD
41S,MAGNUS ENERGY GROUP LTD,41S,SGD
41T,GCCP RESOURCES LTD,41T,SGD
42C,IX BIOPHARMA LTD,42C,SGD
42D,NAUTICAWT LTD,42D,SGD
42E,CHOO CHIANG HOLDINGS LTD,42E,SGD
42F,YINDA INFOCOMM LTD,42F,SGD
42G,SK JEWELLERY GROUP LIMITED,42G,SGD
42L,TLV HOLDINGS LTD,42L,SGD
42N,IPS SECUREX HOLDINGS LTD,42N,SGD
42R,JUMBO GROUP LTD,42R,SGD
42S,ASTAKA HOLDINGS LTD,42S,SGD
42T,TRENDLINES GROUP LTD/THE,42T,SGD
42U,AXCELASIA INC,42U,SGD
42W,CHINA STAR FOOD GROUP LTD,42W,SGD
42Z,EINDEC CORP LTD,42Z,SGD
43A,GS HOLDINGS LTD,43A,SGD
43B,SECURA GROUP LTD,43B,SGD
43E,ANCHOR RESOURCES LIMITED,43E,SGD
43F,ACROMEC LTD,43F,SGD
43P,UNITED GLOBAL LTD,43P,SGD
43Q,ADVANCER GLOBAL LTD,43Q,SGD
500,TAI SIN ELECTRIC LTD,500,SGD
502,3CNERGY LTD,502,SGD
504,KLW HOLDINGS LTD,504,SGD
505,ASIAMEDIC LTD,505,SGD
508,FUJI OFFSET PLATES MFG LTD,508,SGD
510,HIAP SENG ENGINEERING LTD,510,SGD
528,SECOND CHANCE PROPERTIES LTD,528,SGD
532,DISA LTD,532,SGD
533,ABR HOLDINGS LTD,533,SGD
539,CPH LTD,539,SGD
540,TUNG LOK RESTAURANTS 2000,540,SGD
541,ABUNDANCE INTERNATIONAL LTD,541,SGD
543,NOEL GIFTS INTERNATIONAL LTD,543,SGD
544,CSE GLOBAL LTD,544,SGD
546,MEDTECS INTERNATIONAL CORP,546,SGD
554,KING WAN CORP LTD,554,SGD
557,VIKING OFFSHORE AND MARINE L,557,SGD
558,UMS HOLDINGS LTD,558,SGD
561,TECKWAH INDUSTRIAL CORP LTD,561,SGD
564,SPINDEX INDUSTRIES LTD,564,SGD
566,SHS HOLDINGS LTD,566,SGD
567,COLEX HOLDINGS LTD,567,SGD
569,VICPLAS INTERNATIONAL LTD,569,SGD
570,TRANSIT-MIXED CONCRETE LTD,570,SGD
571,INTERNATIONAL PRESS SOFTCOM,571,SGD
573,CHALLENGER TECHNOLOGIES LTD,573,SGD
575,ASTI HOLDINGS LTD,575,SGD
578,KS ENERGY LTD,578,SGD
579,OCEANUS GROUP LTD,579,SGD
580,SANTAK HOLDINGS LTD,580,SGD
581,SUNRISE SHARES HOLDINGS LTD,581,SGD
583,PROGEN HOLDINGS LTD,583,SGD
584,OEL HOLDINGS LTD,584,SGD
585,ASIAN MICRO HOLDINGS LTD,585,SGD
586,GLOBAL DRAGON LTD,586,SGD
588,HEALTH MANAGEMENT INTL LTD,588,SGD
594,CWX GLOBAL LTD,594,SGD
595,GKE CORP LTD,595,SGD
596,PAVILLON HOLDINGS LTD,596,SGD
5AB,TREK 2000 INTERNATIONAL LTD,5AB,SGD
5AE,POLLUX PROPERTIES LTD,5AE,SGD
5AI,P5 CAPITAL HOLDINGS LTD,5AI,SGD
5AL,ANNICA HOLDINGS LTD,5AL,SGD
5AM,ASIATRAVEL.COM HOLDINGS LTD,5AM,SGD
5AU,AP OIL INTERNATIONAL LTD,5AU,SGD
5BI,POLARIS LTD,5BI,SGD
5BS,SEN YUE HOLDINGS LTD,5BS,SGD
5CF,OKP HOLDINGS LTD,5CF,SGD
5CJ,CHINESE GLOBAL INVESTORS GRP,5CJ,SGD
5CN,WINAS LTD,5CN,SGD
5CP,SILVERLAKE AXIS LTD,5CP,SGD
5CQ,TECHNICS OIL &amp; GAS LTD,5CQ,SGD
5CR,ASIATIC GROUP HOLDINGS LTD,5CR,SGD
5CT,ECOWISE HOLDINGS LTD,5CT,SGD
5DD,MICRO-MECHANICS HOLDINGS LTD,5DD,SGD
5DL,KOON HOLDINGS LTD,5DL,SGD
5DM,YING LI INTERNATIONAL REAL E,5DM,SGD
5DN,EZRA HOLDINGS LTD,5DN,SGD
5DO,SAKAE HOLDINGS LTD,5DO,SGD
5DP,HEETON HOLDINGS LTD,5DP,SGD
5DS,MEGACHEM LTD,5DS,SGD
5DW,RENEWABLE ENERGY ASIA GROUP,5DW,SGD
5DX,METAL COMPONENT ENGINEERING,5DX,SGD
5EC,REENOVA INVESTMENT HOLDING L,5EC,SGD
5EF,ADVENTUS HOLDINGS LTD,5EF,SGD
5EG,ZHONGXIN FRUIT &amp; JUICE LTD,5EG,SGD
5EK,SINOCLOUD GROUP LTD,5EK,SGD
5EL,LASSETERS INTERNATIONAL HLDG,5EL,SGD
5EN,MIDAS HOLDINGS LTD,5EN,SGD
5EV,HOSEN GROUP LTD,5EV,SGD
5EW,PAN ASIAN HOLDINGS LIMITED,5EW,SGD
5F4,FIGTREE HOLDINGS LTD,5F4,SGD
5F7,WILTON RESOURCES CORP LTD,5F7,SGD
5FH,CITICODE LTD,5FH,SGD
5FL,FALCON ENERGY GROUP LTD,5FL,SGD
5FW,ACESIAN PARTNERS LTD,5FW,SGD
5FX,NEW WAVE HOLDINGS LTD,5FX,SGD
5G1,EUROSPORTS GLOBAL LTD,5G1,SGD
5G2,KIM HENG OFFSHORE &amp; MARINE H,5G2,SGD
5G3,TALKMED GROUP LTD,5G3,SGD
5G4,RICH CAPITAL HOLDINGS LTD,5G4,SGD
5G9,TRITECH GROUP LIMITED,5G9,SGD
5GC,CNA GROUP LTD,5GC,SGD
5GD,SUNPOWER GROUP LTD,5GD,SGD
5GF,NICO STEEL HOLDINGS LTD,5GF,SGD
5GI,INTERRA RESOURCES LTD,5GI,SGD
5GJ,AUSGROUP LTD,5GJ,SGD
5GZ,AA GROUP HOLDINGS LTD,5GZ,SGD
5H0,SINGHAIYI GROUP LTD,5H0,SGD
5HC,NTEGRATOR INTERNATIONAL LTD,5HC,SGD
5HG,EDITION LTD,5HG,SGD
5HH,SINJIA LAND LTD,5HH,SGD
5HT,IMPERIUM CROWN LTD,5HT,SGD
5HV,KOH BROTHERS ECO ENGINEERING,5HV,SGD
5I0,QT VASCULAR LTD,5I0,SGD
5I1,KOP LTD,5I1,SGD
5I4,ICP LTD,5I4,SGD
5IC,SING HOLDINGS LTD,5IC,SGD
5IE,LORENZO INTERNATIONAL LTD,5IE,SGD
5IF,NATURAL COOL HOLDINGS LTD,5IF,SGD
5IG,GALLANT VENTURE LTD,5IG,SGD
5JK,HIAP HOE LTD,5JK,SGD
5JS,INDOFOOD AGRI RESOURCES LTD,5JS,SGD
5KI,SOUP RESTAURANT GROUP LTD,5KI,SGD
5KT,FUJIAN ZHENYUN PLASTICS IND,5KT,SGD
5LE,SITRA HOLDINGS INTERNATIONAL,5LE,SGD
5LY,MARCO POLO MARINE LTD,5LY,SGD
5MD,SOON LIAN HOLDINGS LTD,5MD,SGD
5ME,EZION HOLDINGS LTD,5ME,SGD
5ML,OLD CHANG KEE LTD,5ML,SGD
5MM,RESOURCES PRIMA GROUP LTD,5MM,SGD
5MQ,EPICENTRE HOLDINGS LTD,5MQ,SGD
5MS,MEMSTAR TECHNOLOGY LTD,5MS,SGD
5MZ,KINGSMEN CREATIVES LTD,5MZ,SGD
5NF,MENCAST HOLDINGS LTD,5NF,SGD
5NG,HEALTHWAY MEDICAL CORP LTD,5NG,SGD
5NK,ARTIVISION TECHNOLOGIES LTD,5NK,SGD
5NV,CHASEN HOLDINGS LTD,5NV,SGD
5OC,KOYO INTERNATIONAL LTD,5OC,SGD
5OI,JAPAN FOODS HOLDING LTD,5OI,SGD
5OQ,TEHO INTERNATIONAL INC LTD,5OQ,SGD
5OR,HEATEC JIETONG HOLDINGS LTD,5OR,SGD
5OT,SINGAPORE MEDICAL GROUP LTD,5OT,SGD
5OU,CHINA ENVIRONMENT LTD,5OU,SGD
5OX,MARY CHIA HOLDINGS LTD,5OX,SGD
5PC,GOODLAND GROUP LTD,5PC,SGD
5PD,HENGYANG PETROCHEMICAL LOGIS,5PD,SGD
5PF,JASON MARINE GROUP LTD,5PF,SGD
5PI,PLATO CAPITAL LTD,5PI,SGD
5PL,SBI OFFSHORE LTD,5PL,SGD
5PO,HIAP TONG CORP LTD,5PO,SGD
5QR,MSM INTERNATIONAL LTD,5QR,SGD
5QT,CHARISMA ENERGY SERVICES LTD,5QT,SGD
5QY,NET PACIFIC FINANCIAL HOLDIN,5QY,SGD
5RA,CHINA REAL ESTATE GRP LTD,5RA,SGD
5RC,ES GROUP HOLDINGS LTD,5RC,SGD
5RE,ASIA VETS HOLDINGS LTD,5RE,SGD
5RF,MERCURIUS CAPITAL INVESTMENT,5RF,SGD
5SO,DUTY FREE INTERNATIONAL LTD,5SO,SGD
5SR,ZHONGMIN BAIHUI RETAIL GROUP,5SR,SGD
5SY,ONEAPEX LTD,5SY,SGD
5TI,KITCHEN CULTURE HOLDINGS LTD,5TI,SGD
5TJ,FAR EAST GROUP LTD,5TJ,SGD
5TN,IEV HOLDINGS LTD,5TN,SGD
5TP,CNMC GOLDMINE HOLDINGS LTD,5TP,SGD
5TR,LIBRA GROUP LTD,5TR,SGD
5TS,ALPHA ENERGY HOLDINGS LTD,5TS,SGD
5TT,KEONG HONG HOLDINGS LTD,5TT,SGD
5TW,CHASWOOD RESOURCES HOLDINGS,5TW,SGD
5TY,ADVANCED SYSTEMS AUTOMATION,5TY,SGD
5UA,STARLAND HOLDINGS LTD,5UA,SGD
5UF,MAXI-CASH FINANCIAL SERVICES,5UF,SGD
5UJ,NEO GROUP LTD,5UJ,SGD
5UL,ATLANTIC NAVIGATION HOLDINGS,5UL,SGD
5UN,SINCAP GROUP LTD,5UN,SGD
5UO,SYSMA HOLDINGS LTD,5UO,SGD
5UX,OXLEY HOLDINGS LTD,5UX,SGD
5VC,KORI HOLDINGS LTD,5VC,SGD
5VI,BOLDTEK HOLDINGS LTD,5VI,SGD
5VJ,HALCYON AGRI CORP LTD,5VJ,SGD
5VP,GDS GLOBAL LTD,5VP,SGD
5VS,HAFARY HOLDINGS LTD,5VS,SGD
5WA,OUE LIPPO HEALTHCARE LTD,5WA,SGD
5WD,PS GROUP HOLDINGS LTD,5WD,SGD
5WE,MOYA HOLDINGS ASIA LTD,5WE,SGD
5WF,ISOTEAM LTD,5WF,SGD
5WG,SINGAPORE KITCHEN EQUIPMENT,5WG,SGD
5WH,REX INTERNATIONAL HOLDING,5WH,SGD
5WJ,MONEYMAX FINANCIAL SERVICE L,5WJ,SGD
5WV,ASIAPHOS LTD,5WV,SGD
600,HYFLUX LTD,600,SGD
8YY,BIOLIDICS LTD,8YY,SGD
A04,ASL MARINE HOLDINGS LTD,A04,SGD
A13,ALLIED TECHNOLOGIES LIMITED,A13,SGD
A17U,ASCENDAS REAL ESTATE INV TRT,A17U,SGD
A26,SINARMAS LAND LIMITED,A26,SGD
A27,MDR LTD,A27,SGD
A30,ASPIAL CORP LTD,A30,SGD
A31,ADDVALUE TECHNOLOGIES LTD,A31,SGD
A33,BLUMONT GROUP LTD,A33,SGD
A34,AMARA HOLDINGS LTD,A34,SGD
A35,ABF SINGAPORE BOND INDX FUND,A35,SGD
A50,THOMSON MEDICAL GROUP LTD,A50,SGD
A52,ANNAIK LTD,A52,SGD
A55,ASIA ENTERPRISES HOLDING LTD,A55,SGD
A68U,ASCOTT RESIDENCE TRUST,A68U,SGD
A75,ACE ACHIEVE INFOCOM LTD,A75,SGD
A78,LIONGOLD CORP LTD,A78,SGD
A7RU,KEPPEL INFRASTRUCTURE TRUST,A7RU,SGD
A7S,SUNVIC CHEMICAL HOLDINGS,A7S,SGD
AAI,GAZPROM PJSC-SPON ADR,AAI,USD
AAJ,SUNMOON FOOD COMPANY LTD,AAJ,SGD
ACV,FRASERS HOSPITALITY TRUST,ACV,SGD
AD8,SINO TECHFIBRE LTD,AD8,SGD
ADJ,PINE CAPITAL GROUP LTD,ADJ,SGD
ADN,FIRST SPONSOR GROUP LTD,ADN,SGD
ADP,SWISSCO HOLDINGS LTD,ADP,SGD
ADQU,ACCORDIA GOLF TRUST,ADQU,SGD
AFC,YUUZOO NETWORKS GROUP CORP,AFC,SGD
AGS,HOUR GLASS LTD/THE,AGS,SGD
AIY,IFAST CORP LTD,AIY,SGD
AJ2,OUHUA ENERGY HOLDINGS LTD,AJ2,SGD
AJBU,KEPPEL DC REIT,AJBU,SGD
AOF,AMPLEFIELD LTD,AOF,SGD
AP4,RIVERSTONE HOLDINGS LTD,AP4,SGD
AU8U,CAPITALAND RETAIL CHINA TRUS,AU8U,SGD
AUE,GOLDEN ENERGY &amp; RESOURCES LT,AUE,SGD
AVM,BOUSTEAD PROJECTS LTD,AVM,SGD
AVV,CEI LTD,AVV,SGD
AVX,HL GLOBAL ENTERPRISES LTD,AVX,SGD
AW9U,FIRST REAL ESTATE INVT TRUST,AW9U,SGD
AWC,BROOK CROMPTON HOLDINGS LTD,AWC,SGD
AWE,SP CORP LTD,AWE,SGD
AWG,AEI CORP LTD,AWG,SGD
AWI,THAKRAL CORP LTD,AWI,SGD
AWK,FUXING CHINA GROUP LTD,AWK,SGD
AWM,SHANGHAI TURBO ENTERPRISES,AWM,SGD
AWO,MIRACH ENERGY LTD,AWO,SGD
AWV,CAPTII LTD,AWV,SGD
AWX,AEM HOLDINGS LTD,AWX,SGD
AWZ,MULTI-CHEM LTD,AWZ,SGD
AXB,YONGNAM HOLDINGS LTD,AXB,SGD
AYB,LAFE CORP LTD,AYB,SGD
AYD,PLASTOFORM HOLDINGS LTD,AYD,SGD
AYL,STAR PHARMACEUTICAL LTD,AYL,SGD
AYN,GLOBAL TESTING CORP LTD,AYN,SGD
AZG,8TELECOM INTERNATIONAL HLDGS,AZG,SGD
AZR,UNITED FOOD HOLDINGS LTD,AZR,SGD
AZT,NUTRYFARM INTERNATIONAL LTD,AZT,SGD
AZW,CHINA TAISAN TECH GROUP LTD,AZW,SGD
AZY,PAN OCEAN CO LTD,AZY,SGD
B07,NGSC LTD,B07,SGD
B0Z,CHINA FISHERY GROUP LTD,B0Z,SGD
B16,GL LTD,B16,SGD
B26,BAN LEONG TECHNOLOGIES LTD,B26,SGD
B28,BONVESTS HOLDINGS LTD,B28,SGD
B49,WORLD PRECISION MACHINERY LT,B49,SGD
B58,BANYAN TREE HOLDINGS LTD,B58,SGD
B61,BUKIT SEMBAWANG ESTATES LTD,B61,SGD
B69,BROADWAY INDUSTRIAL GRP LTD,B69,SGD
B73,GLOBAL INVESTMENTS LTD,B73,SGD
B7K,SIN GHEE HUAT CORP LTD,B7K,SGD
B9S,COSMOSTEEL HOLDINGS LTD,B9S,SGD
BAC,CAMSING HEALTHCARE LTD,BAC,SGD
BAI,SEVAK LTD,BAI,SGD
BAZ,LION ASIAPAC LTD,BAZ,SGD
BBW,AZEUS SYSTEMS HOLDINGS LTD,BBW,SGD
BCD,CHINA YUANBANG PROPERTY HOLD,BCD,SGD
BCV,QIAN HU CORP LTD,BCV,SGD
BCY,POWERMATIC DATA SYSTEMS LTD,BCY,SGD
BCZ,TRAVELITE HOLDINGS LTD,BCZ,SGD
BDA,PNE INDUSTRIES LTD,BDA,SGD
BDF,EXCELPOINT TECHNOLOGY LTD,BDF,SGD
BDR,WILLAS-ARRAY ELECTRONICS,BDR,SGD
BDU,FEDERAL INTERNATIONAL 2000,BDU,SGD
BDX,GSH CORP LTD,BDX,SGD
BEC,BRC ASIA LTD,BEC,SGD
BEH,CHINA INTERNATIONAL HOLDINGS,BEH,SGD
BEI,LHT HOLDINGS LTD,BEI,SGD
BEV,SWING MEDIA TECHNOLOGY GROUP,BEV,SGD
BEW,JB FOODS LTD,BEW,SGD
BEZ,BENG KUANG MARINE LTD,BEZ,SGD
BFI,TIONG SENG HOLDINGS LTD,BFI,SGD
BFK,PHARMESIS INTERNATIONAL LTD,BFK,SGD
BFT,FABCHEM CHINA LTD,BFT,SGD
BFU,TYE SOON LTD,BFU,SGD
BGK,SWIBER HOLDINGS LTD,BGK,SGD
BGO,UNIVERSAL RESOURCE &amp; SERVICE,BGO,SGD
BHD,CHINA MINING INTERNATIONAL,BHD,SGD
BHK,SIIC ENVIRONMENT HOLDINGS LT,BHK,SGD
BHO,TOP GLOBAL LTD,BHO,SGD
BHQ,SUNNINGDALE TECH LTD,BHQ,SGD
BHU,SUTL ENTERPRISE LTD,BHU,SGD
BIP,VIBRANT GROUP LTD,BIP,SGD
BIX,ELLIPSIZ LTD,BIX,SGD
BJD,VIBROPOWER CORP LTD,BJD,SGD
BJL,LCT HOLDINGS LTD,BJL,SGD
BJV,YAMADA GREEN RESOURCES LTD,BJV,SGD
BJW,SHINVEST HOLDING LTD,BJW,SGD
BJZ,KODA LTD,BJZ,SGD
BKA,SIN HENG HEAVY MACHINERY LTD,BKA,SGD
BKK,LUXKING GROUP HOLDINGS LTD,BKK,SGD
BKV,DUKANG DISTILLERS HOLDINGS L,BKV,SGD
BKW,DATAPULSE TECHNOLOGY LTD,BKW,SGD
BKX,YONGMAO HOLDINGS LTD,BKX,SGD
BKY,AVI-TECH ELECTRONICS LTD,BKY,SGD
BKZ,SUNTAR ECO-CITY LTD,BKZ,SGD
BLA,UNION STEEL HOLDINGS LTD,BLA,SGD
BLH,HAI LECK HOLDINGS LTD,BLH,SGD
BLL,PSL HOLDINGS LTD,BLL,SGD
BLR,DARCO WATER TECHNOLOGIES LTD,BLR,SGD
BLS,HOTUNG INVESTMENT HOLDINGS,BLS,SGD
BLU,GRP LTD,BLU,SGD
BLW,GLOBAL PALM RESOURCES HOLDIN,BLW,SGD
BLZ,ADVANCED HOLDINGS LTD,BLZ,SGD
BMGU,BHG RETAIL REIT,BMGU,SGD
BMT,NEW SILKROUTES GROUP LTD,BMT,SGD
BN2,VALUETRONICS HOLDINGS LTD,BN2,SGD
BN4,KEPPEL CORP LTD,BN4,SGD
BNE,KENCANA AGRI LTD,BNE,SGD
BOU,INFORMATICS EDUCATION LTD,BOU,SGD
BPF,YHI INTERNATIONAL LTD,BPF,SGD
BQC,A-SMART HOLDINGS LTD,BQC,SGD
BQD,ENVICTUS INTERNATIONAL HOLDI,BQD,SGD
BQF,XMH HOLDINGS LTD,BQF,SGD
BQI,ASIA FASHION HOLDINGS LTD,BQI,SGD
BQM,TIONG WOON CORP HLDG LTD,BQM,SGD
BQN,BH GLOBAL CORP LTD,BQN,SGD
BQP,SOUTHERN PACKAGING GROUP LTD,BQP,SGD
BR9,CHINA HONGXING SPORTS LTD,BR9,SGD
BRD,SAPPHIRE CORP LTD,BRD,SGD
BRE,LINC ENERGY LTD,BRE,SGD
BRR,STRATECH GROUP LTD/THE,BRR,SGD
BRS,USP GROUP LTD,BRS,SGD
BS6,YANGZIJIANG SHIPBUILDING,BS6,SGD
BSHW,EZION HOLDINGS-CW20,BSHW,SGD
BSL,RAFFLES MEDICAL GROUP LTD,BSL,SGD
BTE,BUND CENTER INVESTMENT LTD,BTE,SGD
BTF,DEBAO PROPERTY DEVELOPMENT,BTF,SGD
BTG,HG METAL MANUFACTURING LTD,BTG,SGD
BTJ,A-SONIC AEROSPACE LTD,BTJ,SGD
BTM,PENGUIN INTERNATIONAL LTD,BTM,SGD
BTOU,MANULIFE US REAL ESTATE INV,BTOU,USD
BTP,BAKER TECHNOLOGY LTD,BTP,SGD
BTX,ANCHUN INTERNATIONAL HOLDING,BTX,SGD
BTY,FULL APEX HOLDINGS LTD,BTY,SGD
BUOU,FRASERS LOGISTICS &amp; INDUSTRI,BUOU,SGD
BVA,TOP GLOVE CORP BHD,BVA,SGD
BVP,AIMS PROPERTY SECURITIES FUN,BVP,SGD
BVQ,PROCURRI CORP LTD,BVQ,SGD
BWCU,EC WORLD REIT,BWCU,SGD
BWM,CHINA JINJIANG ENVIRONMENT H,BWM,SGD
BXE,CDW HOLDING LTD,BXE,SGD
BYJ,PHILLIP S-APAC DIVD LDR RETF,BYJ,SGD
C04,CASA HOLDINGS LTD,C04,SGD
C05,CHEMICAL IND (F.E.) LTD,C05,SGD
C06,CSC HOLDINGS LTD,C06,SGD
C07,JARDINE CYCLE &amp; CARRIAGE LTD,C07,SGD
C09,CITY DEVELOPMENTS LTD,C09,SGD
C13,CH OFFSHORE LTD,C13,SGD
C29,CHIP ENG SENG CORP LTD,C29,SGD
C2PU,PARKWAYLIFE REAL ESTATE,C2PU,SGD
C31,CAPITALAND LTD,C31,SGD
C33,CHUAN HUP HOLDINGS LTD,C33,SGD
C38U,CAPITALAND MALL TRUST,C38U,SGD
C41,CORTINA HOLDINGS,C41,SGD
C50,CHEUNG WOH TECHNOLOGIES,C50,SGD
C52,COMFORTDELGRO CORP LTD,C52,SGD
C61U,CAPITALAND COMMERCIAL TRUST,C61U,SGD
C6L,SINGAPORE AIRLINES LTD,C6L,SGD
C71,CHINA PAPER HOLDINGS LTD,C71,SGD
C76,CREATIVE TECHNOLOGY LTD,C76,SGD
C8R,JIUTIAN CHEMICAL GROUP LTD,C8R,SGD
C92,CHINA HAIDA LTD,C92,SGD
C9Q,SINOSTAR PEC HOLDINGS LTD,C9Q,SGD
CC3,STARHUB LTD,CC3,SGD
CDWW,SECOND CHANCE PROPERTIES LTD - BONUS WARR,CDWW,SGD
CEDU,DASIN RETAIL TRUST,CEDU,SGD
CEE,CITIC ENVIROTECH LTD,CEE,SGD
CFA,NIKKOAM ST A E JP REITETF-SG,CFA,SGD
CGN,BEST WORLD INTERNATIONAL LTD,CGN,SGD
CGP,NOBLE GROUP LTD,CGP,SGD
CH8,CHINA SUNSINE CHEMICAL HLDGS,CH8,SGD
CHJ,UNI-ASIA GROUP LTD,CHJ,SGD
CHZ,HRNETGROUP LTD,CHZ,SGD
CIN,COURAGE INVESTMENT GROUP LTD,CIN,SGD
CJLU,NETLINK NBN TRUST,CJLU,SGD
CJN,BRITISH AND MALAYAN HOLDINGS,CJN,SGD
CLN,APAC REALTY LTD,CLN,SGD
CLR,LION-PHILLIP S-REIT ETF,CLR,SGD
CMOU,KEPPEL PACIFIC OAK US REIT,CMOU,USD
CNE,MINDCHAMPS PRESCHOOL LTD,CNE,SGD
CNNU,CROMWELL EUROPEAN REIT,CNNU,EUR
CRJW,FJ BENJAMIN HLDGS - WARRANTS,CRJW,SGD
CRPU,SASSEUR REAL ESTATE INVESTME,CRPU,SGD
CRWW,MTQ CORP-CW23,CRWW,SGD
CTMW,TEE INTL WARRANT 30.10.20,CTMW,SGD
CTN,BREADTALK GROUP LTD,CTN,SGD
CTO,HONG LAI HUAT GROUP LTD,CTO,SGD
CTRP,TRIP.COM GROUP LTD,CTRP,USD
CY6U,ASCENDAS INDIA TRUST,CY6U,SGD
CYW,TRICKLESTAR PTE LTD,CYW,SGD
CZ4,DUTECH HOLDINGS LTD,CZ4,SGD
D01,DAIRY FARM INTL HLDGS LTD,D01,USD
D03,DEL MONTE PACIFIC LTD,D03,SGD
D05,DBS GROUP HOLDINGS LTD,D05,SGD
D07,SPDR DJIA TRUST,D07,USD
D11,DESIGN STUDIO GROUP LTD,D11,SGD
D2U,CACOLA FURNITURE INTL LTD,D2U,SGD
D50,CHINA GREAT LAND HOLDINGS LT,D50,SGD
D5IU,LIPPO MALLS INDONESIA RETAIL,D5IU,SGD
D6U,DYNAMIC COLOURS LTD,D6U,SGD
D79,C&amp;G ENVIRONMENTAL PROTECTION,D79,SGD
D8DU,FIRST SHIP LEASE TRUST,D8DU,SGD
DM0,HANWELL HOLDINGS LTD,DM0,SGD
DRX,ST GROUP FOOD INDUSTRIES HOL,DRX,SGD
DU4,MERMAID MARITIME PCL,DU4,SGD
E16,ELEC &amp; ELTEK INT CO LTD,E16,USD
E27,PLACE HOLDINGS LTD/THE,E27,SGD
E28,FRENCKEN GROUP LTD,E28,SGD
E3B,WEE HUR HOLDINGS LTD,E3B,SGD
E5H,GOLDEN AGRI-RESOURCES LTD,E5H,SGD
E6R,SAMKO TIMBER LTD,E6R,SGD
E8Z,ROXY-PACIFIC HLDGS LTD,E8Z,SGD
E90,CHINA SKY CHEMICAL FIBRE CO,E90,SGD
E9L,JOYAS INTERNATIONAL HLDGS LT,E9L,SGD
EB5,FIRST RESOURCES LTD,EB5,SGD
EB7,KTL GLOBAL LTD,EB7,SGD
EG0,JES INTERNATIONAL HLDS LTD,EG0,SGD
EH5,UNITED OVERSEAS AUSTRALIA,EH5,SGD
ER0,KSH HOLDINGS LTD,ER0,SGD
ES3,SPDR STRAITS TIMES INDEX ETF,ES3,SGD
F03,FOOD EMPIRE HOLDINGS LTD,F03,SGD
F10,FJ BENJAMIN HOLDINGS LTD,F10,SGD
F13,FU YU CORP LTD,F13,SGD
F17,GUOCOLAND LTD,F17,SGD
F1E,LOW KENG HUAT SINGAPORE LTD,F1E,SGD
F31,FRAGRANCE GROUP LTD,F31,SGD
F34,WILMAR INTERNATIONAL LTD,F34,SGD
F3V,MMP RESOURCES LTD,F3V,SGD
F83,COSCO SHIPPING INTERNATIONAL,F83,SGD
F86,MYP LTD,F86,SGD
F99,FRASER AND NEAVE LTD,F99,SGD
F9D,BOUSTEAD SINGAPORE LTD,F9D,SGD
FQ7,JASPER INVESTMENTS LTD,FQ7,SGD
FQ8,CHINA SPORTS INTERNATIONAL,FQ8,SGD
G07,GREAT EASTERN HOLDINGS LTD,G07,SGD
G0I,NAM LEE PRESSED METAL IND,G0I,SGD
G11,GUOAN INTERNATIONAL LTD,G11,SGD
G13,GENTING SINGAPORE LTD,G13,SGD
G1N,LYXOR MSCI INDIA,G1N,USD
G20,GP INDUSTRIES LTD,G20,SGD
G3B,NIKKO AM SINGAPORE STI ETF,G3B,SGD
G41,GK GOH HOLDINGS LTD,G41,SGD
G50,GRAND BANKS YACHTS LTD,G50,SGD
G54,CHINA ESSENCE GROUP LTD,G54,SGD
G92,CHINA AVIATION OIL SINGAPORE,G92,SGD
GU5,CHINA KUNDA TECHNOLOGY,GU5,SGD
H02,HAW PAR CORP LTD,H02,SGD
H07,STAMFORD LAND CORP LTD,H07,SGD
H12,HOTEL ROYAL LTD,H12,SGD
H13,HO BEE LAND LTD,H13,SGD
H15,HOTEL PROPERTIES LTD,H15,SGD
H16,HUAN HSIN HOLDINGS LTD,H16,SGD
H17,HI-P INTERNATIONAL LTD,H17,SGD
H18,HOTEL GRAND CENTRAL LTD,H18,SGD
H19,HWA HONG CORP LTD,H19,SGD
H1N,LYXOR EMERGING MARKETS,H1N,USD
H20,HOE LEONG CORPORATION LTD,H20,SGD
H22,HONG LEONG ASIA LTD,H22,SGD
H30,HONG FOK CORP LTD,H30,SGD
H78,HONGKONG LAND HOLDINGS LTD,H78,USD
HD6,X S&amp;P500 INVERSE DAILY SWAP,HD6,USD
HD7,X MSCI TAIWAN,HD7,USD
HD8,X FTSE CHINA 50,HD8,USD
HD9,X FTSE VIETNAM SWAP,HD9,USD
HE0,X NIFTY 50 SWAP,HE0,USD
I06,INTRACO LTD,I06,SGD
I07,ISDN HOLDINGS LTD,I07,SGD
I11,RENAISSANCE UNITED LTD,I11,SGD
I15,ISETAN SINGAPORE LTD,I15,SGD
I26,INNOPAC HOLDINGS LTD,I26,SGD
I49,IFS CAPITAL LTD,I49,SGD
I4R,INCH KENNETH KAJANG RUBBER,I4R,SGD
I5H,FORISE INTERNATIONAL LTD,I5H,SGD
I98,ISHARES MSCI INDIA INDEX ETF,I98,USD
I9T,BM MOBILITY LTD,I9T,SGD
IH0,X EURO STOXX 50 1C,IH0,USD
IH1,X MSCI AC ASIA EX JAPAN SWAP,IH1,USD
IH2,X MSCI KOREA,IH2,USD
IH3,X MSCI EUROPE 1C,IH3,USD
IW5,SEROJA INVESTMENTS LTD,IW5,SGD
IX2,PEC LTD,IX2,SGD
J03,JADASON ENTERPRISES LTD,J03,SGD
J0O,X MSCI BRAZIL 2C,J0O,USD
J0P,X WORLD SWAP 2C,J0P,USD
J0Q,X MSCI PACIFIC EX JAPAN 2C,J0Q,USD
J0R,X MSCI RUSSIA CAPPED SWAP 2D,J0R,USD
J17,JACKSPEED CORPORATION LTD,J17,SGD
J18,CHINA JISHAN HOLDINGS LTD,J18,SGD
J2T,HOCK LIAN SENG HOLDINGS LTD,J2T,SGD
J36,JARDINE MATHESON HLDGS LTD,J36,USD
J37,JARDINE STRATEGIC HLDGS LTD,J37,USD
J69U,FRASERS CENTREPOINT TRUST,J69U,SGD
J85,CDL HOSPITALITY TRUSTS,J85,SGD
J91U,ESR REIT,J91U,SGD
JK8,UNITED SSE 50 CHINA ETF,JK8,SGD
JLB,GRAND VENTURE TECHNOLOGY LTD,JLB,SGD
JYEU,LENDLEASE GLOBAL COMMERCIAL,JYEU,SGD
K03,KHONG GUAN LTD,K03,SGD
K1Q,T T J HOLDINGS LTD,K1Q,SGD
K22,RAFFLES UNITED HOLDINGS LTD,K22,SGD
K29,KARIN TECHNOLOGY HOLDINGS,K29,SGD
K2LU,CACHE LOGISTICS TRUST,K2LU,SGD
K3CD,CHINA EASTERN AIRLINES-ADS,K3CD,USD
K3DD,SINOPEC SHANGHAI-SPONS ADR,K3DD,USD
K3ED,CHINA TELECOM CORP LTD-ADR,K3ED,USD
K3FD,HUANENG POWER INTL-SPONS ADR,K3FD,USD
K3HD,ALUMINUM CORP OF CHINA-ADR,K3HD,USD
K3ID,CHINA UNICOM HONG KONG-ADR,K3ID,USD
K3JD,CHANGYOU.COM LTD-ADR,K3JD,USD
K3MD,NETEASE INC-ADR,K3MD,USD
K3OD,PETROCHINA CO LTD -ADR,K3OD,USD
K3PD,CHINA MOBILE LTD-SPON ADR,K3PD,USD
K3SD,BAIDU INC - SPON ADR,K3SD,USD
K3TD,CHINA SOUTHERN AIR-SPONS ADR,K3TD,USD
K6K,X S&amp;P500 SWAP,K6K,USD
K6S,PRUDENTIAL PLC,K6S,USD
K71U,KEPPEL REIT,K71U,SGD
K75,KOH BROTHERS GROUP LTD,K75,SGD
KF8,X MSCI USA SWAP,KF8,USD
KI3,HU AN CABLE HOLDINGS LTD,KI3,SGD
KJ5,BBR HOLDINGS (S) LTD,KJ5,SGD
KJ7,X MSCI INDONESIA SWAP 1C,KJ7,USD
KT3,X GLOBAL SELECT DIV 100 SWAP,KT3,USD
KT4,X CSI300 SWAP 1D,KT4,USD
KUH,TSH CORPORATION LTD,KUH,SGD
KUO,INTERNATIONAL CEMENT GROUP L,KUO,SGD
KUX,DLF HOLDINGS LTD,KUX,SGD
KV4,X SINGAPORE GOVERNMENT BOND,KV4,SGD
L02,MANHATTAN RESOURCES LTD,L02,SGD
L03,LIAN BENG GROUP LTD,L03,SGD
L09,LUNG KEE BERMUDA HLDG LTD,L09,SGD
L19,LUM CHANG HOLDINGS LTD,L19,SGD
L23,ENVIRO-HUB HOLDINGS LTD,L23,SGD
L38,AF GLOBAL LTD,L38,SGD
L46,LUZHOU BIO-CHEM TECHNOLOGY,L46,SGD
L5I,ABTERRA LTD,L5I,SGD
LF1,X S&amp;P ASX 200,LF1,USD
LF2,X MSCI JAPAN,LF2,USD
LG6,X MSCI MALAYSIA 1C,LG6,USD
LG7,X MSCI THAILAND 1C,LG7,USD
LG8,X MSCI INDIA SWAP,LG8,USD
LG9,X MSCI CHINA 1C,LG9,USD
LIW,EAGLE HOSPITALITY TRUST,LIW,USD
LJ3,OUE LTD,LJ3,SGD
LS9,LEADER ENVIRONMENTAL TECHNOL,LS9,SGD
LUY,RAFFLES INFRASTRUCTURE HOLDI,LUY,SGD
M01,METRO HOLDINGS LTD,M01,SGD
M03,MIYOSHI LTD,M03,SGD
M04,MANDARIN ORIENTAL INTL LTD,M04,USD
M05,MTQ CORP LTD,M05,SGD
M11,MANUFACTURING INTEGRATION TE,M11,SGD
M14,INNOTEK LTD,M14,SGD
M15,MATEX INTERNATIONAL LTD,M15,SGD
M1GU,SABANA SHARIAH COMP IND REIT,M1GU,SGD
M1Z,TEE INTERNATIONAL LTD,M1Z,SGD
M30,MEGHMANI ORGANICS LTD-SDR,M30,SGD
M44U,MAPLETREE LOGISTICS TRUST,M44U,SGD
M62,PRINCIPAL FTSE ASEAN 40,M62,USD
MBH,NIKKO AM SGD INV GR CO B ETF,MBH,SGD
ME8U,MAPLETREE INDUSTRIAL TRUST,ME8U,SGD
MF6,MUN SIONG ENGINEERING LTD,MF6,SGD
MIJ,ALLIANCE HEALTHCARE GROUP LT,MIJ,SGD
MR7,NORDIC GROUP LTD,MR7,SGD
MR8,YORKSHINE HOLDINGS LTD,MR8,SGD
MT1,DRAGON GROUP INTERNATIONAL L,MT1,SGD
MV4,MEWAH INTERNATIONAL INC,MV4,SGD
N01,NERA TELECOMMUNICATIONS LTD,N01,SGD
N02,NSL LTD,N02,SGD
N08,NEW TOYO INTERNATIONAL HLDGS,N08,SGD
N0Z,COMBINE WILL INTERNATIONAL H,N0Z,SGD
N14,M DEVELOPMENT LTD,N14,SGD
N2E,X MSCI PHILIPPINES 1C,N2E,USD
N2IU,MAPLETREE COMMERCIAL TRUST,N2IU,SGD
N32,NIPPECRAFT LTD,N32,SGD
N4E,NAM CHEONG LIMITED,N4E,SGD
N5YD,MITSUBISHI UFJ FINL-SPON ADR,N5YD,USD
N6DD,MIZUHO FINANCIAL GROUP-ADR,N6DD,USD
N6ED,NTT DOCOMO INC-SPON ADR,N6ED,USD
N6FD,TOYOTA MOTOR CORP -SPON ADR,N6FD,USD
N6M,ISHARES JPM USD ASIA BOND,N6M,USD
NC2,SRI TRANG AGRO-INDUSTRY-FOR,NC2,SGD
ND8U,FRASERS COMMERCIAL TRUST,ND8U,SGD
NEX,RECLAIMS GLOBAL LTD,NEX,SGD
NHD,JUBILEE INDUSTRIES HOLDINGS,NHD,SGD
NO4,DYNA-MAC HOLDINGS LTD,NO4,SGD
NR7,RAFFLES EDUCATION CORP LTD,NR7,SGD
O08,OSSIA INTERNATIONAL LTD,O08,SGD
O10,FAR EAST ORCHARD LTD,O10,SGD
O2I,AVIC INTERNATIONAL MARITIME,O2I,SGD
O32,OLAM INTERNATIONAL LTD,O32,SGD
O39,OVERSEA-CHINESE BANKING CORP,O39,SGD
O5RU,AIMS APAC REIT,O5RU,SGD
O87,SPDR GOLD SHARES,O87,USD
O9A,X MSCI SINGAPORE 1C,O9A,USD
O9C,X MSCI BANGLADESH SWAP,O9C,USD
O9D,X MSCI PAKISTAN SWAP,O9D,USD
O9E,PARKSON RETAIL ASIA LTD,O9E,SGD
O9P,ISHARES BARCLAYS USD AHYB,O9P,USD
OAJ,FORTRESS MINERALS LTD,OAJ,SGD
OMK,VIVIDTHREE HOLDINGS LTD,OMK,SGD
OTX,MEDINEX LTD,OTX,SGD
OU8,CENTURION CORP LTD,OU8,SGD
OV8,SHENG SIONG GROUP LTD,OV8,SGD
OXMU,PRIME US REIT,OXMU,USD
OYY,PROPNEX LTD,OYY,SGD
P11,PACIFIC ANDES RESOURCES DEVE,P11,SGD
P15,PACIFIC CENTURY REGION DEVEL,P15,SGD
P34,DELFI LTD,P34,SGD
P36,PAN HONG HOLDINGS GROUP LTD,P36,SGD
P40U,STARHILL GLOBAL REIT,P40U,SGD
P52,PAN-UNITED CORP LTD,P52,SGD
P58,LYXOR CHINA ENTREPRISE,P58,USD
P74,CHINA KANGDA FOOD CO LTD,P74,SGD
P7VU,HUTCHISON PORT HOLDINGS TR-U,P7VU,SGD
P8A,CORDLIFE GROUP LTD,P8A,SGD
P8Z,BUMITAMA AGRI LTD,P8Z,SGD
P9D,CIVMEC LTD,P9D,SGD
PA3,TA CORP LTD,PA3,SGD
PH0,HATTEN LAND LTD,PH0,SGD
Q01,QAF LTD,Q01,SGD
Q0F,IHH HEALTHCARE BHD,Q0F,SGD
Q0X,LEY CHOON GROUP HOLDINGS LTD,Q0X,SGD
Q1P,ASCENDAS HOSPITALITY TRUST,Q1P,SGD
Q5T,FAR EAST HOSPITALITY TRUST,Q5T,SGD
QC7,Q &amp; M DENTAL GROUP SINGAPORE,QC7,SGD
QF6,SWEE HONG LTD,QF6,SGD
QS9,GLOBAL INVACOM GROUP LTD,QS9,SGD
QZG,ACCRELIST LTD,QZG,SGD
R14,ENECO ENERGY LTD,R14,SGD
RC5,TRIYARDS HOLDINGS LTD,RC5,SGD
RCU,REVEZ CORP LTD,RCU,SGD
RE4,GEO ENERGY RESOURCES LTD,RE4,SGD
RF1U,RHT HEALTH TRUST,RF1U,SGD
RF7,AMOS GROUP LTD,RF7,SGD
RQ1,OVERSEAS EDUCATION LTD,RQ1,SGD
RS1,CHINA ENVIRONMENTAL RESOURCE,RS1,SGD
RW0U,MAPLETREE NORTH ASIA COMMERC,RW0U,SGD
S07,SHANGRI-LA ASIA LTD,S07,HKD
S08,SINGAPORE POST LTD,S08,SGD
S19,SINGAPORE SHIPPING CORP LTD,S19,SGD
S20,STRAITS TRADING CO LTD,S20,SGD
S23,SINGAPURA FINANCE LTD,S23,SGD
S27,SPDR S&amp;P 500 ETF TRUST,S27,USD
S29,STAMFORD TYRES CORP LTD,S29,SGD
S35,SING INVESTMENTS &amp; FINANCE,S35,SGD
S3N,OKH GLOBAL LTD,S3N,SGD
S41,HONG LEONG FINANCE LTD,S41,SGD
S44,ENGRO CORP LTD,S44,SGD
S46,SAN TEH LTD,S46,SGD
S49,SINGAPORE REINSURANCE CORP,S49,SGD
S51,SEMBCORP MARINE LTD,S51,SGD
S56,SAMUDERA SHIPPING LINE LTD,S56,SGD
S58,SATS LTD,S58,SGD
S59,SIA ENGINEERING CO LTD,S59,SGD
S61,SBS TRANSIT LTD,S61,SGD
S63,SINGAPORE TECH ENGINEERING,S63,SGD
S68,SINGAPORE EXCHANGE LTD,S68,SGD
S69,SERIAL SYSTEM LTD,S69,SGD
S71,SUNRIGHT LTD,S71,SGD
S7OU,ASIAN PAY TELEVISION TRUST,S7OU,SGD
S7P,SOILBUILD CONSTRUCTION GROUP,S7P,SGD
S85,STRACO CORPORATION LTD,S85,SGD
S9B,TEE LAND LTD,S9B,SGD
SJY,MEGROUP LTD,SJY,SGD
SK3,KRISENERGY LTD,SK3,SGD
SK6U,SPH REIT,SK6U,SGD
STP,SILKROAD NICKEL LTD,STP,SGD
SV3U,SOILBUILD BUSINESS SPACE REI,SV3U,SGD
T09,TT INTERNATIONAL LTD,T09,SGD
T12,TAT SENG PACKAGING GROUP LTD,T12,SGD
T13,RH PETROGAS LTD,T13,SGD
T14,TIANJIN ZHONG XIN PHARM CO-S,T14,USD
T15,TAN CHONG INTERNATIONAL LTD,T15,HKD
T18,TPV TECHNOLOGY LTD,T18,SGD
T19,TRANSCORP HOLDINGS LTD,T19,SGD
T24,TUAN SING HOLDINGS LTD,T24,SGD
T39,SINGAPORE PRESS HOLDINGS LTD,T39,SGD
T41,TELECHOICE INTERNATIONAL LTD,T41,SGD
T43,YUNNAN ENERGY INTERNATIONAL,T43,SGD
T4B,SINO GRANDNESS FOOD INDUSTRY,T4B,SGD
T55,TIH LTD,T55,SGD
T6I,VALUEMAX GROUP LTD,T6I,SGD
T82U,SUNTEC REIT,T82U,SGD
T8V,PACIFIC RADIANCE LTD,T8V,SGD
TQ5,FRASERS PROPERTY LTD,TQ5,SGD
TS0U,OUE COMMERCIAL REAL ESTATE I,TS0U,SGD
U04,UNITED ENGINEERS LTD,U04,SGD
U06,UNITED INDUSTRIAL CORP LTD,U06,SGD
U09,AVARGA LTD,U09,SGD
U10,UOB-KAY HIAN HOLDINGS LTD,U10,SGD
U11,UNITED OVERSEAS BANK LTD,U11,SGD
U13,UNITED OVERSEAS INSURANCE,U13,SGD
U14,UOL GROUP LTD,U14,SGD
U6C,PACC OFFSHORE SERVICES HOLDI,U6C,SGD
U77,SARINE TECHNOLOGIES LTD,U77,SGD
U96,SEMBCORP INDUSTRIES LTD,U96,SGD
U9E,CHINA EVERBRIGHT WATER LTD,U9E,SGD
UD1U,IREIT GLOBAL,UD1U,SGD
UD2,JAPFA LTD,UD2,SGD
UQ4,EMAS OFFSHORE LTD,UQ4,SGD
URR,SIM LEISURE GROUP LTD,URR,SGD
UV1,REGAL INTERNATIONAL GROUP LT,UV1,SGD
V01,VICOM LTD,V01,SGD
V03,VENTURE CORP LTD,V03,SGD
V2Y,SYNAGIE CORP LTD,V2Y,SGD
V3M,METECH INTERNATIONAL LTD,V3M,SGD
VFP,JCG INVESTMENT HOLDINGS LTD,VFP,SGD
VL6,KOUFU GROUP LTD,VL6,SGD
W05,WING TAI HOLDINGS LTD,W05,SGD
WPC,VALLIANZ HOLDINGS LTD,WPC,SGD
X06,SINOPIPE HOLDINGS LTD,X06,SGD
XCF,KTMG LTD,XCF,SGD
XZL,ARA US HOSPITALITY TRUST,XZL,USD
Y03,YEO HIAP SENG LTD,Y03,SGD
Y06,GREEN BUILD TECHNOLOGY LTD,Y06,SGD
Y35,ANAN INTERNATIONAL LTD,Y35,SGD
Y45,SINGAPORE MYANMAR INVESTCO L,Y45,SGD
Y92,THAI BEVERAGE PCL,Y92,SGD
YYB,ARION ENTERTAINMENT SINGAPOR,YYB,SGD
Z25,YANLORD LAND GROUP LTD,Z25,SGD
Z59,YOMA STRATEGIC HLDGS LTD,Z59,SGD
Z74,SINGAPORE TELECOMMUNICATIONS,Z74,SGD
